city,first_name,last_name,units _sold,unit_price,total_revenue,latitude,longitude
Columbus,Angelique,Goodwin,552,255.28,140914.56,40.14453,-82.99115
Scarsdale,Jeni,Shaffer,2167,152.58,330640.86,40.97008,-73.8067
Great Neck,Donald,Farris,4778,47.45,226716.1,40.77944,-73.7224
Hartsdale,Steven,Rendon,9016,205.7,1854591.2,41.02654,-73.79168
Lawrence,Jenell,Almanza,7542,152.58,1150758.36,40.62715,-73.73675
Mount Vernon,Almeta,Brookins,48,81.73,3923.04,40.91144,-73.83804
Bronx,Bobbie,Branson,8258,109.28,902434.24,40.82292,-73.84887
Bronx,Bertram,Carlisle,927,109.28,101302.56,40.85389,-73.9076
Bronx,Carlton,Leclair,8841,109.28,966144.48,40.87151,-73.84823
Bronx,Todd,Slater,9817,255.28,2506083.76,40.86671,-73.89562
Bronx,Adalberto,Hazel,3704,651.21,2412081.84,40.88763,-73.90737
New York City,Seymour,Nelson,7382,437.2,3227410.4,40.84941,-73.9337
Bronx,Vicente,Dawkins,9762,205.7,2008043.4,40.87913,-73.90465
Bronx,Rex,Ng,6786,437.2,2966839.2,40.84239,-73.84501
Brooklyn,Arlena,Clough,6428,255.28,1640939.84,40.60268,-73.99304
Brooklyn,Cory,Clarke,3693,421.89,1558039.77,40.67576,-73.97135
Brooklyn,Sofia,Poole,5616,205.7,1155211.2,40.68279,-74.00556
New York City,Samuel,Wendt,6266,651.21,4080481.86,40.75675,-73.97008
New York City,Virgil,Trowbridge,1742,47.45,82657.9,40.77158,-73.95038
New York City,Elda,Champagne,5172,255.28,1320308.16,40.83951,-73.94077
New York City,Robert,Guinn,1718,47.45,81519.1,40.76815,-73.95696
New York City,Humberto,Sauer,3572,255.28,911860.16,40.7229,-73.99889
New York City,Anastasia,Childers,4958,9.33,46258.14,40.75658,-73.98629
New York City,Collene,Kidd,7132,47.45,338413.4,40.72258,-74.00624
New York City,Harris,Beavers,3378,152.58,515415.24,40.71668,-73.9977
New York City,Kathe,John,4015,205.7,825885.5,40.77966,-73.95609
New York City,Ashly,Stanton,1390,9.33,12968.7,40.77746,-73.97885
New York City,Geraldo,Easley,4885,651.21,3181160.85,40.76302,-73.96761
New York City,Leigh,Fite,5910,255.28,1508704.8,40.74743,-74.00339
Bronx,Devon,Knox,2907,152.58,443550.06,40.84628,-73.89296
New York City,Yevette,Mullis,6350,437.2,2776220,40.73803,-73.99857
New York City,Irena,Dang,3744,109.28,409144.32,40.77067,-73.96198
New York City,Cory,Hayden,4626,109.28,505529.28,40.73333,-74.00262
New York City,Dolores,Begley,5562,421.89,2346552.18,40.7568,-73.96401
New York City,Benjamin,Doss,5150,9.33,48049.5,40.7482,-73.98473
New York City,Theron,Farmer,9022,205.7,1855825.4,40.74677,-73.99363
New York City,Hilton,Mcgehee,4838,437.2,2115173.6,40.78609,-73.97107
New York City,Sixta,Beaudoin,7291,154.06,1123251.46,40.77643,-73.94813
New York City,Sade,Shay,3104,81.73,253689.92,40.74977,-73.97518
New York City,Shemika,Beckman,6031,109.28,659067.68,40.75971,-73.98065
Long Island City,Winfred,Gonzales,1860,421.89,784715.4,40.7667,-73.92097
Bayside,Rogelio,Woodall,3407,81.73,278454.11,40.77942,-73.77563
Far Rockaway,Damion,Rafferty,5522,421.89,2329676.58,40.60378,-73.752
Flushing,Dannie,Catron,84,152.58,12816.72,40.76001,-73.83035
Forest Hills,Stephan,Titus,1003,255.28,256045.84,40.72118,-73.8441
New York City,Dorian,Sage,9224,651.21,6006761.04,40.80369,-73.96685
Jamaica,Jake,Espinal,7718,437.2,3374309.6,40.67933,-73.77793
Long Island City,Claudio,Heck,6492,668.27,4338408.84,40.74251,-73.95271
Astoria,Marcel,Trotter,7581,47.45,359718.45,40.75923,-73.9196
Rego Park,Dillon,Dominguez,52,255.28,13274.56,40.72943,-73.85975
Staten Island,Sammy,Dewitt,5005,152.58,763662.9,40.62683,-74.07567
Oceanside,Sterling,Serna,568,651.21,369887.28,40.63109,-73.64089
Pelham,Ivonne,Manning,6905,651.21,4496605.05,40.91176,-73.80945
Rockville Centre,Clair,Harwell,1205,668.27,805265.35,40.65661,-73.64764
Hempstead,Jenni,Goolsby,2694,109.28,294400.32,40.70674,-73.63147
Staten Island,Tayna,Poston,7626,154.06,1174861.56,40.62419,-74.13831
Woodbury,Vern,Mackenzie,4287,109.28,468483.36,40.81449,-73.47665
Elmsford,Harrison,Hawk,7995,81.73,653431.35,41.06551,-73.81447
Plainview,Preston,Tribble,6099,205.7,1254564.3,40.7763,-73.47066
Brooklyn,Aleen,Araujo,2977,421.89,1255966.53,40.59016,-73.96064
Thornwood,Brent,Carrillo,5042,205.7,1037139.4,41.11301,-73.77218
New York City,Adalberto,Tate,5736,47.45,272173.2,40.75411,-73.98694
Bronx,Rafael,Weeks,531,255.28,135553.68,40.87514,-73.87956
Oakland Gardens,Aurea,Pullen,1934,154.06,297952.04,40.74058,-73.75897
White Plains,Ramiro,Holguin,4481,668.27,2994517.87,41.0281,-73.76476
Flushing,Celine,Lumpkin,9738,255.28,2485916.64,40.72713,-73.8219
Brooklyn,Bryant,Naylor,1304,152.58,198964.32,40.68017,-73.94548
New York City,Oswaldo,Winchester,9810,47.45,465484.5,40.62724,-74.07584
Mineola,Kacy,Crandall,7916,109.28,865060.48,40.75111,-73.63561
Flushing,Brock,Hutcherson,5315,47.45,252196.75,40.75799,-73.7855
Bronx,Ramiro,Conover,3730,109.28,407614.4,40.87886,-73.91723
New York City,Myron,Marble,1916,421.89,808341.24,40.74255,-73.99181
Amityville,Freeman,Kern,660,421.89,278447.4,40.67894,-73.41969
Babylon,Mathew,Whitfield,7779,255.28,1985823.12,40.69642,-73.32368
Center Moriches,Alexander,Goad,3121,47.45,148091.45,40.80038,-72.79423
Deer Park,Renee,Beverly,3566,651.21,2322214.86,40.75895,-73.32
East Northport,Tommie,Weller,8026,9.33,74882.58,40.87534,-73.32424
Massapequa Park,Michale,Colson,2443,651.21,1590906.03,40.66638,-73.45151
Melville,Denisha,Fitch,4790,668.27,3201013.3,40.78894,-73.41543
North Bellmore,Napoleon,Kelsey,72,668.27,48115.44,40.68369,-73.53926
Northport,Tonya,Wilson,5326,255.28,1359621.28,40.90022,-73.35111
Riverhead,Clement,Hidalgo,4619,651.21,3007938.99,40.92665,-72.68985
Seaford,Charles,Quintero,4049,205.7,832879.3,40.66589,-73.48901
Southampton,Chastity,Pineda,6747,668.27,4508817.69,40.88602,-72.39175
Huntington Station,Verna,Michaud,7873,437.2,3442075.6,40.82849,-73.41184
North Massapequa,Alfred,Beamon,9620,437.2,4205864,40.69588,-73.48077
Wantagh,Michal,Maurer,6211,421.89,2620358.79,40.69326,-73.50773
West Babylon,Wenona,Carmichael,8902,421.89,3755664.78,40.71363,-73.34911
Wyandanch,Allan,Bernhardt,978,47.45,46406.1,40.75205,-73.36144
North Patchogue,Nam,Schmidt,2758,47.45,130867.1,40.78404,-73.00877
Bay Shore,Yolande,Piper,6588,205.7,1355151.6,40.72923,-73.27809
Huntington,Whitney,Shipman,1851,651.21,1205389.71,40.87074,-73.43057
Mineola,Terence,Ferro,9956,651.21,6483446.76,40.73882,-73.64001
East Farmingdale,Alberto,Riley,9345,152.58,1425860.1,40.74442,-73.42264
Bronx,Jacqueline,Burk,494,205.7,101615.8,40.8558,-73.88736
New York City,Clemente,Gould,905,668.27,604784.35,40.78133,-73.96007
Hauppauge,Chang,Roden,117,47.45,5551.65,40.80679,-73.25463
Ronkonkoma,Marvin,Nickel,4695,9.33,43804.35,40.78232,-73.09576
Smithtown,Eldora,Tribble,3239,668.27,2164526.53,40.85479,-73.19593
Stony Brook,Azzie,Layman,1379,421.89,581786.31,40.87261,-73.12509
Fort Salonga,Titus,Latimer,6775,668.27,4527529.25,40.9124,-73.30051
Nanuet,Shantell,Long,4120,154.06,634727.2,41.11233,-74.01439
Orangeburg,Cameron,Irvin,138,437.2,60333.6,41.04667,-73.94522
Valley Cottage,Virgilio,Messer,8583,205.7,1765523.1,41.11734,-73.94144
Bronx,Eboni,Lujan,5242,47.45,248732.9,40.82725,-73.92476
Floral Park,Ward,Gauthier,2932,9.33,27355.56,40.75923,-73.71294
Yorktown Heights,Yasuko,Gandy,6501,81.73,531326.73,41.33153,-73.80646
New York City,Agustin,Eden,7830,668.27,5232554.1,40.71053,-74.01629
New York City,Sunny,Mccreary,830,109.28,90702.4,40.7839,-73.98015
Bronx,Janyce,Hollenbeck,6443,9.33,60113.19,40.84911,-73.85402
Staten Island,Bernardo,Caron,7643,154.06,1177480.58,40.51718,-74.23413
Brentwood,Leon,Keeling,4434,651.21,2887465.14,40.77857,-73.24617
Lake Ronkonkoma,Walker,Foley,8853,651.21,5765162.13,40.83041,-73.09187
Bellmore,Rolando,Bickford,9967,81.73,814602.91,40.66299,-73.52854
Bronx,Glenn,Pace,8875,81.73,725353.75,40.8654,-73.86543
Bronx,Tandy,Binkley,3706,668.27,2476608.62,40.90559,-73.90439
Bronx,Irving,Toler,4622,9.33,43123.26,40.82864,-73.87836
Bronx,Elin,Mayes,8815,651.21,5740416.15,40.84425,-73.78537
Bronx,William,Katz,5509,81.73,450250.57,40.86236,-73.8981
Bronx,Silvana,Leclair,959,651.21,624510.39,40.81641,-73.91896
Bronx,Kirby,Hendrick,3450,651.21,2246674.5,40.881,-73.88322
Bronx,Rubin,Newman,8301,255.28,2119079.28,40.85414,-73.86764
Brooklyn,Lee,Roderick,2859,651.21,1861809.39,40.66074,-73.88503
Brooklyn,Jesus,Maupin,1505,437.2,657986,40.63496,-73.9922
Brooklyn,Riley,Yocum,650,205.7,133705,40.69423,-73.99223
Brooklyn,Nova,Bouchard,3736,81.73,305343.28,40.66971,-73.91058
Brooklyn,Shandra,Layman,6237,421.89,2631327.93,40.712,-73.94064
Brooklyn,Jacquie,Burkett,658,47.45,31222.1,40.65128,-73.93028
Brooklyn,Nelle,Kenney,1534,421.89,647179.26,40.69073,-73.9553
Brooklyn,Rich,Whitmore,434,154.06,66862.04,40.65042,-73.95864
Brooklyn,Antoine,Hendrick,955,152.58,145713.9,40.64577,-74.01322
Brooklyn,Blaine,Judkins,3729,47.45,176941.05,40.62129,-73.93544
Brooklyn,Raymundo,Poirier,1415,47.45,67141.75,40.63432,-73.96269
Brooklyn,Blair,Tapia,3706,421.89,1563524.34,40.60919,-73.95643
Brooklyn,Charley,Cabrera,2326,152.58,354901.08,40.61909,-73.99014
Brooklyn,Heath,Hartley,6030,421.89,2543996.7,40.66985,-73.98073
Brooklyn,Zack,Singh,5604,421.89,2364271.56,40.70909,-73.95906
Brooklyn,Zaida,Odum,8866,9.33,82719.78,40.63127,-73.946
Brooklyn,Porfirio,Slone,5663,81.73,462836.99,40.59911,-73.95374
Brooklyn,Ryan,Morrell,2876,109.28,314289.28,40.67313,-73.97627
Brooklyn,Luther,Hannan,9416,421.89,3972516.24,40.68837,-73.98067
Brooklyn,Deon,Elizondo,1225,152.58,186910.5,40.58801,-73.95236
Brooklyn,Dana,Brinson,6277,651.21,4087645.17,40.66975,-73.93096
Brooklyn,Manual,Dupuis,9577,255.28,2444816.56,40.6977,-73.96749
New York City,Kenton,Franz,8161,437.2,3567989.2,40.71853,-73.99513
New York City,Julian,Bull,6096,421.89,2571841.44,40.79445,-73.97206
New York City,Deon,Heath,9481,651.21,6174122.01,40.71855,-73.98854
New York City,Angela,Landers,1447,651.21,942300.87,40.74292,-73.98449
New York City,Heidi,Reiter,7153,668.27,4780135.31,40.73203,-73.99448
New York City,Gayle,Green,8792,421.89,3709256.88,40.81054,-73.95217
New York City,Janey,Swift,589,47.45,27948.05,40.82581,-73.95111
New York City,Emilio,Courtney,3797,9.33,35426.01,40.80728,-73.94431
New York City,Brinda,Lowell,1704,437.2,744988.8,40.73198,-73.98219
New York City,Alexander,Lange,4626,47.45,219503.7,40.77162,-73.96504
New York City,Frank,Reinhardt,4912,205.7,1010398.4,40.75598,-73.97686
New York City,Monty,Pryor,1941,668.27,1297112.07,40.74387,-73.97955
Astoria,Brinda,Fortune,7126,205.7,1465818.2,,
Corona,Benny,Couture,8909,205.7,1832581.3,,
Glen Oaks,Monty,Vogel,7762,437.2,3393546.4,40.74549,-73.71507
Hollis,Lester,Coughlin,1191,152.58,181722.78,40.72077,-73.76014
Jackson Heights,Shellie,Herring,8733,651.21,5687016.93,,
Forest Hills,Kerrie,Chiu,6954,437.2,3040288.8,40.71475,-73.83218
Sunnyside,Gerard,Dickens,4453,154.06,686029.18,40.74315,-73.91708
Ridgewood,Parker,Tuck,6860,205.7,1411102,40.70068,-73.89588
Woodside,Riva,Hannan,1836,651.21,1195621.56,,
Scarsdale,Steve,Mercier,4074,651.21,2653029.54,40.99988,-73.8153
New York City,Fleta,Sutton,297,152.58,45316.26,40.74959,-73.99172
Staten Island,Chung,Corbett,4259,668.27,2846161.93,40.56537,-74.11471
Port Washington,Frieda,Forster,1748,421.89,737463.72,40.83042,-73.6906
Bronx,Sirena,Fogle,5581,205.7,1148011.7,40.81068,-73.88309
Bedford,Alisha,Bard,606,47.45,28754.7,41.19557,-73.65517
Yonkers,Deedee,Mercado,8702,668.27,5815285.54,40.96985,-73.88435
Valley Stream,Cecile,Driver,3782,668.27,2527397.14,40.6663,-73.70341
Croton-On-Hudson,Roosevelt,Nava,6788,9.33,63332.04,41.23329,-73.91364
Brooklyn,Floyd,Bollinger,692,109.28,75621.76,40.68394,-73.8709
Brooklyn,Lacey,Jones,5501,651.21,3582306.21,40.6478,-73.90661
Brooklyn,Larry,Dial,3250,437.2,1420900,40.72777,-73.95299
Ridgewood,Joel,Holiday,3007,154.06,463258.42,40.71165,-73.85987
Mount Sinai,Camilla,Malloy,5870,81.73,479755.1,40.93189,-73.03321
Larchmont,Tyron,Lash,9968,255.28,2544631.04,40.93503,-73.74785
Commack,Joey,Wren,5465,154.06,841937.9,40.80733,-73.27931
Selden,Hubert,Ferrer,9550,154.06,1471273,40.86371,-73.04897
Great Neck,Jason,Yarbrough,1450,81.73,118508.5,40.78864,-73.72687
Hartsdale,Raymond,Homan,7417,152.58,1131685.86,41.02211,-73.80873
Mount Vernon,Carmen,Cazares,5738,154.06,883996.28,40.92465,-73.83623
Little Neck,Daisy,Noland,1731,668.27,1156775.37,,
Staten Island,Archie,Caban,2745,205.7,564646.5,40.59872,-74.08087
Bronx,Bryan,Labbe,3159,47.45,149894.55,40.83359,-73.86131
Bronx,Shae,Dowdell,9383,154.06,1445544.98,40.83075,-73.82626
Bronx,Bertha,Meador,4862,651.21,3166183.02,40.81048,-73.92806
Bronx,Rick,Miles,5068,437.2,2215729.6,40.89317,-73.85647
Brooklyn,Lon,Carmona,2506,81.73,204815.38,40.60485,-73.99799
Brooklyn,Linnie,Christiansen,1713,81.73,140003.49,40.66417,-73.95098
Brooklyn,Terica,Finney,4255,152.58,649227.9,40.61711,-73.91128
Brooklyn,Jae,Nowlin,3732,205.7,767672.4,40.61836,-74.03315
New York City,Jame,Marchand,772,205.7,158800.4,40.76015,-73.97195
New York City,Larisa,Baines,8039,9.33,75003.87,40.79069,-73.94248
New York City,Delsie,Rees,5223,437.2,2283495.6,40.81311,-73.93745
New York City,Janna,Spooner,4048,437.2,1769785.6,40.76362,-73.97763
New York City,Harvey,Novotny,3270,668.27,2185242.9,40.75237,-73.97836
New York City,Muriel,Capps,3674,668.27,2455223.98,40.72748,-74.00734
New York City,Emelina,Bright,3077,668.27,2056266.79,40.72602,-73.99625
New York City,Nida,Christ,1330,421.89,561113.7,40.76655,-73.96925
New York City,Margareta,Knotts,5310,154.06,818058.6,40.71124,-74.00866
New York City,Michelle,Watters,3930,255.28,1003250.4,40.77613,-73.96219
New York City,Ferdinand,Kuhn,3132,421.89,1321359.48,40.75012,-73.96888
New York City,Muoi,Robertson,889,651.21,578925.69,40.7363,-73.9934
New York City,Yasuko,Ledford,2207,81.73,180378.11,40.7743,-73.95719
New York City,Christopher,Montez,4121,421.89,1738608.69,40.77959,-73.98192
New York City,Scott,Lassiter,699,152.58,106653.42,40.75954,-73.96798
New York City,Johnathon,Beltran,8039,255.28,2052195.92,40.86383,-73.92618
Astoria,Scarlett,Valle,9272,651.21,6038019.12,40.78013,-73.90961
Corona,Ta,Yarborough,9558,154.06,1472505.48,40.75213,-73.86393
Flushing,Nathanial,Weldon,1090,255.28,278255.2,40.76096,-73.8022
Forest Hills,Jamel,Schweitzer,8092,81.73,661359.16,,
Fresh Meadows,Gracia,Roldan,1818,437.2,794829.6,,
Jackson Heights,Sheri,Ridley,5554,668.27,3711571.58,40.74698,-73.89042
Jamaica,Heriberto,Spearman,9619,437.2,4205426.8,40.70424,-73.79809
Kew Gardens,Ellsworth,Rhyne,6360,154.06,979821.6,40.70854,-73.83069
Maspeth,Waldo,Breen,5157,255.28,1316478.96,40.72428,-73.89845
Ridgewood,Isreal,Holliman,7422,152.58,1132448.76,,
Middle Village,Leana,Fowler,1597,421.89,673758.33,40.71286,-73.87803
Ozone Park,Boyd,Osburn,8155,651.21,5310617.55,40.68472,-73.84441
South Richmond Hill,Les,Blocker,4602,437.2,2011994.4,40.685,-73.83045
Rockaway Park,Daren,Broadnax,474,255.28,121002.72,40.58016,-73.83724
Whitestone,Tyler,Broughton,2337,154.06,360038.22,40.78698,-73.80896
Woodhaven,Russel,Bostic,8792,437.2,3843862.4,40.69252,-73.8598
Staten Island,Johnnie,Janssen,5466,47.45,259361.7,40.57299,-74.11458
Staten Island,Gaylene,Pearce,22,651.21,14326.62,40.62962,-74.11126
Syosset,Chi,Cho,7153,109.28,781679.84,40.80619,-73.52079
Yorktown Heights,Erich,Fullerton,3581,109.28,391331.68,41.27755,-73.78445
New York City,Gladis,Harless,3061,651.21,1993353.81,40.61807,-73.96002
Valley Stream,Karly,Jacob,1380,9.33,12875.4,40.65331,-73.72446
Ardsley,Lise,Breen,1355,205.7,278723.5,41.01809,-73.84419
Brooklyn,Bong,Wilmoth,7835,651.21,5102230.35,40.57777,-73.96046
Brooklyn,Sherika,Gordon,2699,152.58,411813.42,40.63109,-73.97626
Bronx,Geraldo,Curry,9859,109.28,1077391.52,40.85194,-73.82943
Carle Place,Shakita,Hargis,257,421.89,108425.73,40.74416,-73.60935
Millwood,Patrice,Hickson,6867,154.06,1057930.02,41.18801,-73.80361
New York City,Marvis,Cisneros,9693,421.89,4089379.77,40.77802,-73.95207
Jamaica,Sherrie,Switzer,772,205.7,158800.4,40.71413,-73.77765
Cross River,Wilhemina,Clay,9172,9.33,85574.76,41.26748,-73.59811
New Rochelle,Rosario,Mcmaster,5989,109.28,654477.92,40.94795,-73.79482
Bronx,Ned,Adkins,9356,81.73,764665.88,40.8662,-73.83816
Roslyn Heights,Mabel,Waite,9432,81.73,770877.36,40.78575,-73.62236
New York City,Lucilla,Perrin,3411,421.89,1439066.79,40.73755,-74.00471
New York City,Modesta,Wicker,515,152.58,78578.7,40.85499,-73.93686
Monroe,Kenneth,Jackson,7000,154.06,1078420,41.31862,-74.17588
Brewster,Shara,Livingston,1151,154.06,177323.06,41.42067,-73.57661
Eastchester,Ethyl,Olivas,8287,651.21,5396577.27,40.95287,-73.81557
Harrison,Ozie,Barrientos,5755,152.58,878097.9,40.96605,-73.71702
Larchmont,Apryl,Sparkman,7937,47.45,376610.65,40.94142,-73.76436
Bedford Hills,Dorsey,Heilman,1242,668.27,829991.34,41.22251,-73.71532
New Rochelle,Theo,Posey,9113,651.21,5934476.73,40.91212,-73.78289
Peekskill,Tracy,Adkins,7024,255.28,1793086.72,41.29632,-73.89549
Pleasantville,Alberto,Herrick,7480,81.73,611340.4,41.13582,-73.79182
Rye,Rick,Bedard,5016,109.28,548148.48,40.98291,-73.68445
Tarrytown,Jake,Dahl,1201,81.73,98157.73,41.06317,-73.86219
White Plains,Giuseppina,Buffington,9633,81.73,787305.09,40.99222,-73.74618
White Plains,Adolfo,Bruner,941,421.89,396998.49,41.02233,-73.75882
White Plains,Majorie,Loya,7787,152.58,1188140.46,41.05265,-73.76996
Somers,Lela,Rudd,9864,205.7,2029024.8,41.33196,-73.68042
Islip,Everett,Higgins,8894,668.27,5943593.38,40.72931,-73.21308
Merrick,Nestor,Dabney,3634,47.45,172433.3,40.66665,-73.55345
New York City,Clarice,Winters,4868,205.7,1001347.6,40.70772,-74.01012
East Meadow,Humberto,Toler,414,9.33,3862.62,40.72477,-73.54492
Yonkers,Fredrick,Settle,121,81.73,9889.33,40.92689,-73.85713
Manhasset,Amira,Worrell,869,437.2,379926.8,40.79708,-73.66939
New York City,Tonda,Proctor,1570,109.28,171569.6,40.71415,-73.99753
Hicksville,Sal,Flynn,8164,154.06,1257745.84,40.77862,-73.53056
New York City,Melissa,Crooks,8626,81.73,705002.98,40.86836,-73.90157
Brooklyn,Rocio,Oakes,7961,9.33,74276.13,,
Rochester,Margaret,Grover,3205,255.28,818172.4,43.15711,-77.60666
Syracuse,Mahalia,Sturm,8426,154.06,1298109.56,43.04832,-76.23206
De Witt,Eliz,Dietz,9721,109.28,1062310.88,43.03523,-76.06748
Syracuse,Irving,Blake,222,81.73,18144.06,43.08165,-76.10378
Minoa,Rich,Mcclendon,5088,437.2,2224473.6,43.07763,-76.00092
Oneida,Elden,Daniels,6513,109.28,711740.64,43.09494,-75.65184
Oswego,Cameron,Michaels,8719,154.06,1343249.14,43.45603,-76.51095
Liverpool,Bert,Stegall,2963,9.33,27644.79,43.09146,-76.17007
Syracuse,Mittie,Folk,2530,154.06,389771.8,43.05641,-76.14037
Syracuse,Lupe,Cummings,7737,81.73,632345.01,43.04346,-76.13653
Manlius,Darren,Poole,933,668.27,623495.91,43.00564,-75.98423
Cicero,Jamaal,Cummins,1498,81.73,122431.54,43.15179,-76.12463
Syracuse,Roger,Braxton,843,152.58,128624.94,43.04874,-76.15296
Rochester,Timika,Brice,7410,205.7,1524237,43.12933,-77.56781
Brockport,Lazaro,Royer,1674,47.45,79431.3,43.21519,-77.93859
Canandaigua,Latasha,Blevins,1138,668.27,760491.26,42.88582,-77.28012
Rochester,Felton,Nail,5340,152.58,814777.2,43.24174,-77.62017
Rochester,Jeff,Helm,846,81.73,69143.58,43.08942,-77.6101
Irondequoit,Peter,Amos,6255,9.33,58359.15,43.21067,-77.59862
Macedon,Alesia,Coward,7197,47.45,341497.65,43.06925,-77.28757
Webster,Enedina,Fair,1334,421.89,562801.26,43.19285,-77.50225
East Rochester,Wyatt,Mccants,3357,9.33,31320.81,43.10297,-77.48247
Rochester,Raleigh,Rainey,9990,47.45,474025.5,43.14573,-77.59227
Rochester,Penney,Temple,4988,154.06,768451.28,43.14953,-77.636
Rochester,Homer,Burk,4137,437.2,1808696.4,43.16011,-77.54862
Fairport,Catrice,Tolbert,254,9.33,2369.82,43.1292,-77.44129
Irondequoit,Elisha,Zink,8189,205.7,1684477.3,43.20259,-77.56499
Fairport,Rufus,Hinojosa,9821,9.33,91629.93,43.07051,-77.44241
Rochester,Efrain,Kahn,9061,255.28,2313092.08,43.20629,-77.69435
Pittsford,Cliff,Corrigan,6852,47.45,325127.4,43.09014,-77.51318
Rochester,Hal,Mccormick,6167,205.7,1268551.9,43.13186,-77.68724
Williamson,Elena,Yang,7011,152.58,1069738.38,43.20942,-77.18437
Rochester,Frederick,Carbone,1420,437.2,620824,43.12603,-77.63142
Rochester,Laurena,Marcus,8461,154.06,1303501.66,43.12152,-77.62725
Scottsville,Everette,Dailey,9234,255.28,2357255.52,43.02023,-77.74836
Liverpool,Londa,Newby,1869,154.06,287938.14,43.13601,-76.22642
Rochester,Claudio,Montgomery,6525,255.28,1665702,43.14651,-77.71357
Rochester,Elliot,Templeton,396,109.28,43274.88,43.25217,-77.6964
Webster,Carissa,Dalton,2705,9.33,25237.65,43.21181,-77.44654
Staten Island,Ammie,Hudspeth,9707,255.28,2478002.96,40.55315,-74.19189
New York City,Manuel,Brim,9689,81.73,791881.97,40.84138,-73.94259
Bridgeport,Denice,Cornejo,7967,421.89,3361197.63,41.19223,-73.19738
Bridgeport,Raleigh,Soriano,1891,152.58,288528.78,41.16995,-73.21084
Fairfield,September,Jorgensen,5840,205.7,1201288,41.14153,-73.25641
Norwalk,Harry,Emanuel,6225,9.33,58079.25,41.09897,-73.4188
Trumbull,Orval,Velasco,6489,81.73,530345.97,41.25599,-73.21702
Danbury,Kelle,Brenner,2105,205.7,432998.5,41.41452,-73.4063
Milford,Evelia,Kimmel,5578,668.27,3727610.06,41.22554,-73.07122
Fairfield,Chong,Hackett,1445,437.2,631754,41.18273,-73.25433
Wilton,Deshawn,Clegg,1272,421.89,536644.08,41.16495,-73.41807
Fairfield,Estelle,Kingsley,8659,437.2,3785714.8,41.16264,-73.28397
Newtown,Asa,Mckee,4235,205.7,871139.5,41.41458,-73.30159
Darien,Wanetta,Batson,661,421.89,278869.29,41.08477,-73.46233
Shelton,Dudley,Hammer,7630,9.33,71187.9,41.27746,-73.12147
Westport,Leonel,Romero,6866,651.21,4471207.86,41.14397,-73.36171
New Haven,Dirk,Rountree,7123,421.89,3005122.47,41.30935,-72.92335
Westport,Travis,Lovelace,9187,81.73,750853.51,41.13894,-73.32742
Bridgeport,Ray,Bender,876,205.7,180193.2,41.20225,-73.18715
Stratford,Craig,Morley,2038,152.58,310958.04,41.19947,-73.13164
Monroe,Billi,Earls,9554,205.7,1965257.8,41.31428,-73.21837
New Canaan,Loraine,Bowie,2334,81.73,190757.82,41.14704,-73.49212
New Canaan,Christopher,Mendes,6321,154.06,973813.26,41.14763,-73.49227
Wilton,Sanford,Beaudry,9488,47.45,450205.6,41.19454,-73.43425
Ridgefield,Felipa,Neff,6841,437.2,2990885.2,41.28963,-73.497
Greenwich,Rocky,Collado,5415,668.27,3618682.05,41.03016,-73.62546
Stamford,Tara,Needham,9278,205.7,1908484.6,41.05757,-73.53729
Oradell,Elton,Willoughby,4529,668.27,3026594.83,40.95482,-74.03151
Morristown,Rey,Simons,4297,47.45,203892.65,40.78877,-74.47224
Boonton,Blair,Kaufman,3743,437.2,1636439.6,40.9288,-74.42096
Lake Hiawatha,Eduardo,Riddick,5060,81.73,413553.8,40.88016,-74.38229
Denville,Shaun,Arias,2472,154.06,380836.32,40.89353,-74.47684
Florham Park,Lanora,Phifer,7233,81.73,591153.09,40.78731,-74.39056
Madison,Suellen,Denman,2630,437.2,1149836,40.75855,-74.41513
New Vernon,Nancey,Bond,8980,437.2,3926056,40.74249,-74.48442
Parsippany,Eusebio,Copley,8631,9.33,80527.23,40.8617,-74.42637
Montclair,Lan,Boyd,963,154.06,148359.78,40.81424,-74.21802
Upper Montclair,Terry,Eckert,7388,255.28,1886008.64,40.8412,-74.20817
Montclair,Demetrius,Desjardins,6348,47.45,301212.6,40.8298,-74.20627
Verona,Meaghan,Fortney,8317,421.89,3508859.13,40.83177,-74.24552
West Caldwell,Pedro,Terrill,799,651.21,520316.79,40.85119,-74.29807
Short Hills,Adam,Cassell,3331,152.58,508243.98,40.72156,-74.3348
Paterson,Tomiko,Sands,2480,205.7,510136,40.91645,-74.1714
Paramus,Joseph,Goss,6844,651.21,4456881.24,40.94853,-74.06935
Clifton,Roberto,Saylor,2054,255.28,524345.12,40.8839,-74.1485
River Edge,Peggy,Dionne,5770,152.58,880386.6,40.9316,-74.03384
Hawthorne,Glynis,Harvey,2685,255.28,685426.8,40.94949,-74.15524
Wyckoff,August,Barrera,9524,437.2,4163892.8,40.98579,-74.1686
Hackensack,Fallon,Maggard,39,651.21,25397.19,40.89468,-74.03955
Westfield,Hildegarde,Anthony,18,154.06,2773.08,40.65332,-74.34667
Hillside,Brenton,Lund,2279,668.27,1522987.33,40.69359,-74.23662
Ridgewood,Tomika,Jerome,1668,47.45,79146.6,40.97959,-74.11838
Summit,Colby,Hicks,68,109.28,7431.04,40.71672,-74.35614
Palisades Park,Len,Arce,1388,421.89,585583.32,40.84579,-73.98571
Fort Lee,Garry,Dejesus,6571,421.89,2772239.19,40.85103,-73.96942
New York City,Julius,Williamson,8591,255.28,2193110.48,40.70615,-74.00859
Montclair,Amber,Heck,7453,154.06,1148209.18,40.81432,-74.21802
Montclair,Porter,Tharp,5192,421.89,2190452.88,40.81478,-74.21706
Paramus,Mollie,Boykin,876,81.73,71595.48,40.95194,-74.07543
Upper Montclair,Gregory,Stroud,5604,81.73,458014.92,40.84024,-74.20788
New York City,Edgardo,Tuck,7506,154.06,1156374.36,40.74187,-73.98724
New York City,Teressa,Clemons,6742,81.73,551023.66,40.70749,-74.00875
New York City,Zenaida,Cavazos,506,9.33,4720.98,40.75647,-74.00345
Bronx,Stephani,Sowell,8020,152.58,1223691.6,40.80867,-73.87187
New York City,Len,Boyles,5540,47.45,262873,40.75993,-73.98489
New York City,Kareem,Santos,1352,205.7,278106.4,40.76818,-73.98234
Northport,Raymond,Jernigan,773,668.27,516572.71,40.90064,-73.34893
New York City,Daryl,Treadwell,1152,255.28,294082.56,40.74849,-73.99057
Bronx,Sol,Sams,6868,651.21,4472510.28,40.85001,-73.91645
Danbury,Thomas,Rhoden,4333,255.28,1106128.24,41.42438,-73.48288
Amityville,Emmitt,Montague,6989,255.28,1784151.92,40.679,-73.41965
New York City,Jarvis,Holliman,311,154.06,47912.66,40.75869,-73.98138
Center Moriches,Candida,Connors,6802,255.28,1736414.56,40.80041,-72.7943
Lindenhurst,Shanita,Tilton,998,109.28,109061.44,40.68481,-73.37126
Purchase,Fredia,Chism,4468,81.73,365169.64,41.03567,-73.71387
Morristown,Ivey,Thorp,810,255.28,206776.8,40.78877,-74.47224
New York City,Patrick,Dominquez,654,152.58,99787.32,40.68879,-74.0191
Bronx,Latrina,Calderon,6660,651.21,4337058.6,40.88801,-73.90757
Southampton,Rae,Dodge,8522,421.89,3595346.58,40.886,-72.39182
Sterling Forest,Aracely,Ashby,7962,9.33,74285.46,41.18365,-74.31351
Utica,Roxana,Medeiros,3737,437.2,1633816.4,43.14793,-75.16837
Patterson,Bernardina,Beatty,6631,154.06,1021571.86,41.4959,-73.59164
Greenwich,Gaston,Coyle,4463,205.7,918039.1,41.0255,-73.6242
Mohegan Lake,Annemarie,Fair,7080,154.06,1090744.8,41.31134,-73.84706
Houston,Tangela,Speight,1363,9.33,12716.79,29.75917,-95.36334
Houston,Margorie,Pace,6223,668.27,4158644.21,29.76398,-95.36201
Spring,Cornelius,Mcvey,7603,421.89,3207629.67,30.13594,-95.46871
Spring,Wiley,Phifer,3475,651.21,2262954.75,30.13594,-95.46871
Houston,Nettie,Peck,8846,9.33,82533.18,29.65071,-95.56772
Katy,Faustino,Levy,750,81.73,61297.5,29.77967,-95.75194
Houston,Shiela,Leggett,3256,47.45,154497.2,30.01977,-95.44004
Houston,Rosaria,Caraway,2461,109.28,268938.08,29.96969,-95.53134
Houston,Liz,Harness,1497,421.89,631569.33,29.84238,-95.38446
Houston,Johanne,Pederson,5523,154.06,850873.38,29.84238,-95.38446
Houston,Frank,Mcnabb,6733,668.27,4499461.91,29.73817,-95.41875
Houston,Giovanni,Carrion,9350,81.73,764175.5,29.73617,-95.41879
Houston,Stanton,Araujo,4629,205.7,952185.3,29.80288,-95.40687
Houston,Merlin,Kendrick,5855,437.2,2559806,29.8038,-95.40598
Houston,Mica,Saavedra,3348,47.45,158862.6,29.67271,-95.28743
Houston,Yaeko,Lemay,9454,255.28,2413417.12,29.71154,-95.39956
Houston,Scot,Alicea,3554,9.33,33158.82,29.74991,-95.48306
Houston,Zackary,Wingfield,7059,154.06,1087509.54,29.73153,-95.466
Houston,Whitney,Homan,8412,47.45,399149.4,29.69276,-95.401
Houston,America,Moyer,8086,154.06,1245729.16,29.73678,-95.55905
Houston,Roberto,Furr,3585,154.06,552305.1,29.89115,-95.41173
Houston,Alfred,Strother,4447,255.28,1135230.16,29.91856,-95.61193
Houston,Daniele,Hodges,7238,152.58,1104374.04,29.59389,-95.22545
Houston,Alonzo,Mcknight,558,152.58,85139.64,29.57513,-95.1081
Houston,Altha,Ashcraft,35,651.21,22792.35,29.8658,-95.4885
Houston,Rodrigo,Hannan,3331,154.06,513173.86,29.75863,-95.62541
Houston,Maximina,Aiken,5139,152.58,784108.62,29.67561,-95.54493
Houston,Eboni,Rosen,2183,668.27,1458833.41,29.70872,-95.64426
Kingwood,Ellena,Jobe,8216,109.28,897844.48,30.04978,-95.24074
Pasadena,Gaston,Silvers,9025,668.27,6031136.75,29.65099,-95.18461
Houston,Ronny,Regan,7428,9.33,69303.24,29.75789,-95.37016
Conroe,Humberto,Toro,8273,255.28,2111931.44,30.31616,-95.47426
Sugar Land,Lai,Byrnes,3440,421.89,1451301.6,29.59631,-95.61695
Friendswood,Samatha,Underhill,6840,205.7,1406988,29.52636,-95.19727
Mcallen,Gayla,Scoggins,9416,9.33,87851.28,26.20206,-98.23039
Bellaire,Nelle,Shockley,4141,437.2,1810445.2,29.71191,-95.46064
Houston,Emory,Windsor,1020,255.28,260385.6,29.84183,-95.64573
Houston,Dewitt,Burns,2089,255.28,533279.92,29.61812,-95.21335
Houston,Ethan,Marlowe,6416,205.7,1319771.2,29.61853,-95.21297
Houston,Lala,Montero,5099,9.33,47573.67,29.70054,-95.29661
Houston,Cathie,Dietz,6269,421.89,2644828.41,29.73892,-95.44169
Houston,Olinda,Roby,85,651.21,55352.85,29.65595,-95.50766
Houston,Jackie,Esposito,3741,47.45,177510.45,29.58185,-95.15429
Houston,Willian,Hogg,6461,81.73,528057.53,29.57513,-95.1081
Houston,Pearly,Stafford,4498,255.28,1148249.44,29.79873,-95.27351
Humble,Hugh,Ybarra,6140,668.27,4103177.8,30.00312,-95.26936
The Woodlands,Benton,Steed,6703,255.28,1711141.84,30.16676,-95.50223
Brownsville,Willian,Osteen,3537,154.06,544910.22,25.95149,-97.49643
Brownsville,Stephaine,Harlan,1021,47.45,48446.45,25.92197,-97.48649
Houston,Kortney,Tabor,5566,255.28,1420888.48,29.77682,-95.31581
Austin,Roxanne,Mcdaniels,615,81.73,50263.95,30.35858,-97.73624
Austin,Cyndy,Goldsmith,1642,109.28,179437.76,30.26202,-97.80903
Austin,Judson,Comer,1150,651.21,748891.5,30.42672,-97.75515
Dallas,Toccara,Stinnett,3677,421.89,1551289.53,32.78858,-96.79728
Dallas,Elijah,Tolley,789,152.58,120385.62,32.78733,-96.79904
Dallas,Dusti,Weaver,6086,255.28,1553634.08,32.89389,-96.804
Dallas,Bud,Beaulieu,197,109.28,21528.16,32.83313,-96.7031
Dallas,Jewel,Sumpter,5784,81.73,472726.32,32.88102,-96.87972
Dallas,Tonette,Mccurry,2538,255.28,647900.64,32.92236,-96.77229
Dallas,Maxwell,Hallman,2184,154.06,336467.04,32.86142,-96.76776
Garland,Tamekia,Sheldon,3476,205.7,715013.2,32.87785,-96.62009
Irving,Junita,Race,7200,9.33,67176,32.85852,-96.93256
Irving,Kirstie,Mckee,1174,9.33,10953.42,32.85924,-96.93534
Irving,Raymon,Cromwell,5247,255.28,1339454.16,32.8138,-96.94563
Dallas,Gertha,Temple,6298,81.73,514735.54,32.84497,-96.78725
Arlington,Virgilio,Phillip,3238,47.45,153643.1,32.73347,-97.10135
Arlington,Lieselotte,Moorman,2010,152.58,306685.8,32.73124,-97.10289
Hurst,Oda,Walden,588,437.2,257073.6,32.84728,-97.18612
Plano,Sammie,Weiner,3975,81.73,324876.75,33.01986,-96.7953
Dallas,Kraig,Cazares,9210,668.27,6154766.7,32.83488,-96.6753
Dallas,Booker,Cotton,358,255.28,91390.24,32.81015,-96.8486
Dallas,Daron,Loving,3519,205.7,723858.3,32.92771,-96.80361
Farmers Branch,Ronnie,Boyd,1822,9.33,16999.26,32.92209,-96.88179
Farmers Branch,Cruz,Bear,428,109.28,46771.84,32.92153,-96.88176
Garland,Luella,Underwood,1531,255.28,390833.68,32.93124,-96.68219
Grand Prairie,Hedwig,Halsey,9353,47.45,443799.85,32.74593,-96.99607
Richardson,Arvilla,Bethea,5149,109.28,562682.72,32.95171,-96.73351
Richardson,Mikki,Ulrich,2206,651.21,1436569.26,32.95264,-96.73385
Arlington,Osvaldo,Courtney,840,47.45,39858,32.70643,-97.11584
Colleyville,Meta,Beckett,3402,47.45,161424.9,32.88343,-97.15389
Fort Worth,Dedra,Pendergrass,9270,651.21,6036716.7,32.66189,-97.27973
Fort Worth,Lynetta,Goldberg,9855,47.45,467619.75,32.75832,-97.33062
Lewisville,Sharice,Mathias,3600,205.7,740520,33.04338,-97.01677
New Braunfels,Hilton,Krause,979,651.21,637534.59,29.70225,-98.12528
San Antonio,Leroy,Leach,9496,651.21,6183890.16,29.51583,-98.4567
San Antonio,Joann,Easton,8688,154.06,1338473.28,29.39698,-98.48682
San Antonio,Santiago,Dolan,5122,668.27,3422878.94,29.39697,-98.48679
San Antonio,Rebekah,Bivins,7396,651.21,4816349.16,29.5121,-98.56836
El Paso,Magen,Craddock,1141,47.45,54140.45,31.75889,-106.49059
El Paso,Emmaline,Orton,4018,255.28,1025715.04,31.76695,-106.41907
El Paso,Evangelina,Collins,718,47.45,34069.1,31.80869,-106.46267
El Paso,Jonah,Nesbitt,7967,154.06,1227396.02,31.87774,-106.42029
El Paso,Lloyd,Faulkner,9517,437.2,4160832.4,31.75481,-106.319
El Paso,Joel,Burleson,1157,437.2,505840.4,31.8387,-106.56615
El Paso,Alisia,Couture,5702,255.28,1455606.56,31.83022,-106.5264
Mcallen,Jacinda,Thorp,8002,9.33,74658.66,26.25385,-98.2215
Arlington,Barabara,Gabbard,9937,651.21,6471073.77,32.66787,-97.13414
Houston,Carmen,Stafford,5417,47.45,257036.65,29.72131,-95.37927
Houston,Lowell,Spicer,5385,9.33,50242.05,29.64481,-95.46365
Houston,Rudolf,Ramirez,2815,651.21,1833156.15,29.76009,-95.36372
El Paso,Shaunta,Westbrook,7712,47.45,365934.4,31.76794,-106.29781
Dallas,Dewayne,Lewis,2112,668.27,1411386.24,32.69432,-96.79336
Austin,King,Stjohn,5081,109.28,555251.68,30.193,-97.76909
Kingwood,Xuan,Spicer,7719,437.2,3374746.8,30.04492,-95.18146
Austin,Marni,Tirado,8156,152.58,1244442.48,30.22124,-97.83653
Plano,Lawanda,Jaime,6553,651.21,4267379.13,33.04513,-96.82756
Round Rock,Gilberto,Allison,101,152.58,15410.58,30.5205,-97.71931
Plano,Yuette,Pollard,8026,81.73,655964.98,33.07168,-96.77346
Carrollton,Chelsie,Sisco,6581,154.06,1013868.86,33.02022,-96.94238
Houston,Aurelio,Lamar,4053,421.89,1709920.17,29.73652,-95.46052
Houston,Carl,Delong,5759,81.73,470683.07,29.70471,-95.55195
Houston,Shanna,Volz,9048,152.58,1380543.84,29.7293,-95.42928
The Woodlands,Linwood,Oaks,8299,668.27,5545972.73,30.20956,-95.52477
Frisco,Donny,Lemke,9925,205.7,2041572.5,33.11988,-96.80546
Houston,Ninfa,Baron,7366,154.06,1134805.96,29.78374,-95.52161
Mckinney,Harrison,Cavazos,6097,154.06,939303.82,33.17396,-96.68389
Austin,Kelley,Curley,8623,437.2,3769975.6,30.40533,-97.85313
Allen,Winnifred,Hoke,9480,421.89,3999517.2,33.10084,-96.68391
Irving,Elias,Collette,236,154.06,36358.16,32.91359,-96.95878
Round Rock,Alfonso,Alba,4487,437.2,1961716.4,30.49971,-97.72133
Austin,Simone,Rea,2866,152.58,437294.28,30.29886,-97.7207
Bee Cave,Woodrow,Mccann,8033,152.58,1225675.14,30.30359,-97.93349
Nesconset,Dario,Spencer,9680,668.27,6468853.6,40.84398,-73.14464
Fairfield,Polly,Armstrong,9530,81.73,778886.9,40.89175,-74.26891
Austin,Lurline,Roby,6340,437.2,2771848,30.21564,-97.82931
New York City,Charlie,Meehan,894,154.06,137729.64,40.70577,-74.00829
Jersey City,Theresa,Dalton,1011,81.73,82629.03,40.72702,-74.03488
Stamford,Contessa,Sheppard,6539,152.58,997720.62,41.1059,-73.54814
Newark,Sharen,Halverson,4357,205.7,896234.9,40.73674,-74.17122
Pomona,Adele,Mccallum,3377,154.06,520260.62,41.18342,-74.04742
Austin,Ha,Matson,9542,651.21,6213845.82,30.40317,-97.67219
Englewood,Fletcher,Ashcraft,825,205.7,169702.5,40.89173,-73.97358
Hoboken,Nickolas,Lara,2230,205.7,458711,40.73776,-74.02851
New Hyde Park,Blanche,Chandler,795,47.45,37722.75,40.75599,-73.68815
New York City,Warren,Coe,585,9.33,5458.05,40.78166,-73.95264
Frisco,Erich,Mancuso,7701,421.89,3248974.89,33.15302,-96.86251
Dallas,Carisa,Drake,5272,437.2,2304918.4,32.8072,-96.79742
Sugar Land,Cruz,Emery,8458,154.06,1303039.48,29.60851,-95.64177
Houston,Vanetta,Mabe,9453,651.21,6155888.13,29.88104,-95.64529
Princeton,Fernanda,Vigil,2480,421.89,1046287.2,40.34881,-74.66284
Pearland,Darell,Alderman,8794,668.27,5876766.38,29.53064,-95.307
Columbus,Elaina,Hinojosa,1681,152.58,256486.98,40.03334,-82.96386
Columbus,Jc,Maas,1458,205.7,299910.6,39.93168,-82.96471
Columbus,Germaine,Peoples,475,205.7,97707.5,39.97184,-82.91539
Columbus,Chara,Byrd,8110,109.28,886260.8,39.95452,-83.08376
Hilliard,Emmett,Herrmann,5776,81.73,472072.48,40.03457,-83.15893
Reynoldsburg,Burl,Slattery,1913,651.21,1245764.73,39.95519,-82.80773
Columbus,Yi,Tamayo,6997,81.73,571864.81,40.06054,-82.97794
Columbus,Carlos,Lindsey,8532,668.27,5701679.64,40.02351,-83.05896
Columbus,King,English,6054,47.45,287262.3,40.08713,-82.98157
Columbus,Emmett,Ordonez,6130,109.28,669886.4,39.92324,-82.88001
Worthington,Tessie,Arriola,7360,9.33,68668.8,40.10708,-83.01766
Columbus,Clint,Amaral,5372,668.27,3589946.44,39.92743,-83.08962
Whitehall,Lacy,Mcgehee,7829,47.45,371486.05,39.9554,-82.87348
Columbus,Forest,Longoria,9422,437.2,4119298.4,40.05641,-83.07421
Reynoldsburg,Jin,Ackerman,6876,437.2,3006187.2,39.93934,-82.83027
Columbus,Herb,Crouch,3944,152.58,601775.52,39.94499,-82.99732
Columbus,Hilary,Martinson,6413,152.58,978495.54,40.08608,-82.95106
Westerville,Charita,Weber,7101,255.28,1812743.28,40.10522,-82.92258
Dublin,Teddy,Witherspoon,856,668.27,572039.12,40.09614,-83.12507
Gahanna,Tim,Sallee,9559,81.73,781257.07,40.02061,-82.86642
Mount Sterling,Walter,Goldberg,7119,255.28,1817338.32,39.72065,-83.26682
Marysville,Latrina,Archuleta,4480,651.21,2917420.8,40.2368,-83.37286
Circleville,Fred,Collazo,4615,47.45,218981.75,39.60192,-82.94499
Dublin,Lindsey,Rector,7529,255.28,1922003.12,40.10568,-83.09206
Columbus,Shandi,Prince,5259,421.89,2218719.51,39.96875,-82.96824
Pickerington,Bryce,Joseph,6871,81.73,561566.83,39.92794,-82.78771
Sunbury,Guadalupe,Noll,3464,9.33,32319.12,40.24182,-82.85853
Delaware,Emogene,Corrigan,3169,154.06,488216.14,40.30093,-83.06759
Newark,Quentin,Roach,6145,81.73,502230.85,40.05831,-82.40289
Canal Winchester,Manda,Goldman,9587,152.58,1462784.46,39.8426,-82.80567
Heath,Tosha,Shore,2716,668.27,1815021.32,40.0279,-82.44453
Pataskala,Basil,Cornell,1789,109.28,195501.92,40.00296,-82.67658
Newark,Joya,Godfrey,5091,421.89,2147841.99,40.08118,-82.42784
Granville,Latrice,Overstreet,7939,154.06,1223082.34,40.06813,-82.52057
Columbus,Launa,Saucier,7683,81.73,627931.59,40.06714,-83.09303
Lancaster,Santos,Spruill,8702,81.73,711214.46,39.71344,-82.60203
Lancaster,Allan,Surratt,7408,651.21,4824163.68,39.71474,-82.56474
Dublin,Sarai,Hatton,7242,154.06,1115702.52,40.105,-83.1593
Grove City,Marlin,Duong,3678,437.2,1608021.6,39.87867,-83.06045
Columbus,Stevie,Agee,9222,255.28,2354192.16,39.97362,-83.01031
Columbus,Danial,Spaulding,8409,668.27,5619482.43,40.06767,-83.01925
Delaware,Sharee,Lemay,2807,47.45,133192.15,40.26462,-83.06921
Columbus,Edwin,Stillwell,6014,81.73,491524.22,39.98891,-83.04631
Dublin,Christian,Bartels,8660,437.2,3786152,40.10692,-83.16636
Columbus,Bruno,Madsen,3407,154.06,524882.42,39.97619,-83.00337
Madison,Xenia,Peacock,9946,421.89,4196117.94,41.8028,-81.05425
Mentor-On-The-Lake,Sadie,Earls,2,255.28,510.56,41.70613,-81.3613
Mentor,Dee,Laplante,2329,651.21,1516668.09,41.66269,-81.35485
Wickliffe,Milo,Dion,7713,668.27,5154366.51,41.60473,-81.47592
Willoughby,Karrie,Conley,3973,437.2,1736995.6,41.62678,-81.42705
Willowick,Annetta,Martins,955,152.58,145713.9,41.65237,-81.44222
Painesville,Shiloh,Church,5541,152.58,845445.78,41.69727,-81.27991
Willoughby Hills,Lacy,Camacho,6642,47.45,315162.9,41.58243,-81.48754
Eastlake,Latricia,Kelly,199,437.2,87002.8,41.64256,-81.43595
Perry,Olin,Drury,4187,437.2,1830556.4,41.7683,-81.1445
Mentor,Ines,Speed,3610,109.28,394500.8,41.67414,-81.32304
Painesville,Ernest,Bonner,5504,154.06,847946.24,41.72376,-81.24447
Beachwood,Georgiann,Hensley,3938,109.28,430344.64,41.4645,-81.5183
Lyndhurst,Kortney,Michaud,5009,437.2,2189934.8,41.51994,-81.48485
Euclid,Roselee,Cecil,1847,9.33,17232.51,41.61198,-81.52299
Pepper Pike,Ming,Holcomb,9613,205.7,1977394.1,41.46228,-81.4591
Bedford Heights,Stefania,Couch,501,205.7,103055.7,41.41223,-81.52734
North Olmsted,Paige,Scanlon,8733,9.33,81478.89,41.41966,-81.90163
Independence,Cynthia,Burchfield,5565,668.27,3718922.55,41.39656,-81.64551
Westlake,Ollie,Totten,4282,651.21,2788481.22,41.46398,-81.9488
Chardon,Marc,Shannon,5201,651.21,3386943.21,41.58342,-81.20418
Chesterland,Bart,Angel,673,651.21,438264.33,41.51818,-81.38505
Chagrin Falls,Brandon,Vandyke,76,9.33,709.08,41.3911,-81.33876
Cleveland Heights,Arlie,Christy,4821,421.89,2033931.69,41.50107,-81.59479
Seven Hills,Deandrea,Barnhill,3352,255.28,855698.56,41.35586,-81.68458
Berea,Palmer,Ogle,6141,255.28,1567674.48,41.37214,-81.86863
Cleveland,Ronny,Sewell,693,437.2,302979.6,41.45013,-81.81855
Lorain,Linwood,Matlock,6545,668.27,4373827.15,41.45263,-82.16627
Sheffield Lake,Sindy,Youngblood,264,255.28,67393.92,41.48946,-82.11308
Lorain,Reyes,Mohr,449,437.2,196302.8,41.4187,-82.20888
Lorain,Rubin,Wilbanks,2729,421.89,1151337.81,41.42724,-82.11728
Strongsville,Kandi,Ziegler,4765,255.28,1216409.2,41.31051,-81.83513
Cleveland,Gerard,Mcneal,1251,81.73,102244.23,41.49472,-81.62442
Medina,Hershel,Lavoie,8910,9.33,83130.3,41.15607,-81.85741
Akron,Jermaine,Tyree,1495,109.28,163373.6,41.11147,-81.46606
Barberton,Tom,Dancy,4795,109.28,523997.6,41.01038,-81.58941
Akron,Kaye,Newton,1625,437.2,710450,41.02866,-81.49142
Akron,Kizzy,Alves,6836,9.33,63779.88,41.07723,-81.49743
Norton,Malik,Wenger,2305,47.45,109372.25,41.02537,-81.63818
Cuyahoga Falls,Ute,Peeler,1946,437.2,850791.2,41.14634,-81.47485
Akron,Reita,Frederick,6700,109.28,732176,41.03201,-81.42811
Twinsburg,Lacy,Winchester,9540,668.27,6375295.8,41.31106,-81.44024
Akron,Roland,Desimone,472,9.33,4403.76,41.2016,-81.63791
Akron,Van,Horne,1531,421.89,645913.59,40.95196,-81.56739
Wadsworth,Frieda,Ragsdale,1786,668.27,1193530.22,41.04385,-81.72877
Brunswick,Amparo,Carrillo,2334,421.89,984691.26,41.23836,-81.80286
Akron,Leida,Rosser,1306,255.28,333395.68,41.11199,-81.57465
Ravenna,Detra,Catron,8863,47.45,420549.35,41.15767,-81.24459
Aurora,Kasey,Pleasant,2197,205.7,451922.9,41.31735,-81.35538
Mantua,Bobby,Sorenson,531,255.28,135553.68,41.28463,-81.22397
Randolph,Cinthia,Hand,122,651.21,79447.62,41.03241,-81.24822
Kent,Jenny,Burroughs,9254,668.27,6184170.58,41.13765,-81.35556
Stow,Kiana,Ralph,3245,9.33,30275.85,41.15521,-81.40022
Akron,Margart,Cosgrove,9444,421.89,3984329.16,41.0836,-81.51752
Canton,Daron,Mcmaster,2231,668.27,1490910.37,40.84758,-81.43441
Alliance,Weston,Chow,8016,47.45,380359.2,40.90162,-81.09067
Hartville,Sook,Devlin,243,651.21,158244.03,40.96781,-81.34575
Alliance,Luanna,Bravo,4384,437.2,1916684.8,40.90181,-81.12282
Akron,Randy,Gordon,2945,205.7,605786.5,41.13242,-81.6188
Canton,Lashawnda,Yee,462,255.28,117939.36,40.79818,-81.37498
Minerva,Miss,Hargis,8503,109.28,929207.84,40.72871,-81.1044
North Canton,Kristopher,Collette,665,205.7,136790.5,40.87775,-81.40253
Canton,Shawanna,Gagnon,7579,668.27,5064818.33,40.83161,-81.3852
Louisville,Aldo,Nguyen,1905,255.28,486308.4,40.83762,-81.2601
Canton,Buck,Noyes,3337,421.89,1407846.93,40.87277,-81.3344
Wooster,Jacalyn,Briggs,3598,668.27,2404435.46,40.7984,-81.94158
Wooster,Emilio,Hoyle,1443,152.58,220172.94,40.8245,-81.93198
Uniontown,Karl,Nunez,7658,437.2,3348077.6,40.97681,-81.40693
Medina,Kennith,Dasilva,59,47.45,2799.55,41.13619,-81.8052
Hudson,Billy,Kyle,8497,205.7,1747832.9,41.23995,-81.44967
Mansfield,Shelley,Rojas,9851,109.28,1076517.28,40.75935,-82.56409
Mansfield,Chasity,Guido,3031,109.28,331227.68,40.72991,-82.53724
Mansfield,Trevor,Jacob,3981,205.7,818891.7,40.77054,-82.48562
Mount Gilead,Cathrine,Champagne,674,651.21,438915.54,40.5494,-82.82835
Ashland,Henry,Phipps,8115,81.73,663238.95,40.85574,-82.33352
Youngstown,Santo,Byrd,3339,255.28,852379.92,41.10069,-80.6506
Poland,Carline,Sharkey,415,154.06,63934.9,41.02498,-80.61555
Youngstown,Davida,Pemberton,5441,205.7,1119213.7,41.10252,-80.72816
Youngstown,Valentin,Purvis,1547,81.73,126436.31,41.07015,-80.65859
Boardman,Cristobal,Bone,3893,205.7,800790.1,41.02453,-80.67406
Youngstown,Art,Dubose,4674,47.45,221781.3,41.09956,-80.76459
Canfield,Dale,Sipes,8111,437.2,3546129.2,41.02586,-80.761
Warren,Stevie,Parkinson,5460,47.45,259077,41.28275,-80.84499
Girard,Andrea,Bueno,7,9.33,65.31,41.15398,-80.7017
Salem,Sherrell,Kasper,2069,47.45,98174.05,40.90126,-80.85538
Columbiana,Angelina,Fredrick,3996,47.45,189610.2,40.88917,-80.69364
East Liverpool,Werner,Griffis,5166,47.45,245126.7,40.6732,-80.57728
Warren,Zula,Romeo,6992,668.27,4672543.84,41.23968,-80.74048
Newton Falls,Edwin,Desimone,7915,109.28,864951.2,41.18821,-80.97818
Warren,Serina,Werner,8409,81.73,687267.57,41.23411,-80.8339
Youngstown,Florentino,Mclain,5979,109.28,653385.12,41.15308,-80.66494
Niles,Jamie,Jansen,161,81.73,13158.53,41.21094,-80.75273
Marietta,Maisie,Lorenzo,7523,651.21,4899052.83,39.41502,-81.45496
Marietta,Ahmad,Petit,6662,154.06,1026347.72,39.44114,-81.46006
Marietta,Verlene,Andres,3210,668.27,2145146.7,39.41137,-81.43047
Belpre,Tarsha,Webster,4827,9.33,45035.91,39.27435,-81.56945
Coshocton,Darell,Runyon,6205,9.33,57892.65,40.27332,-81.86521
West Lafayette,Oliver,Grimes,4069,651.21,2649773.49,40.27574,-81.75275
Dresden,Moses,Hutchinson,2172,109.28,237356.16,40.11596,-82.00808
Dover,Julio,Grice,6302,152.58,961559.16,40.52022,-81.47955
Newcomerstown,Tristan,Boggs,9275,421.89,3913029.75,40.27566,-81.60796
New Philadelphia,Jong,Seibert,5940,205.7,1221858,40.48948,-81.44435
Uhrichsville,Jeane,Deyoung,8177,154.06,1259748.62,40.39118,-81.34602
Dover,Lon,Sharkey,9898,81.73,808963.54,40.54931,-81.49469
Athens,Domingo,Storm,2044,9.33,19070.52,39.32915,-82.10109
Athens,Jae,Shipman,7589,421.89,3201723.21,39.31998,-82.10519
Athens,Sherman,Lawton,6539,668.27,4369817.53,39.33703,-82.06911
Zanesville,Ivelisse,Nealy,928,109.28,101411.84,39.94011,-82.00718
Zanesville,Cynthia,Ponce,9826,47.45,466243.7,39.98543,-82.01905
Marion,Norbert,Byars,4329,47.45,205411.05,40.58854,-83.13044
Marion,Jody,Pool,2569,47.45,121899.05,40.56741,-83.12128
Marion,Elly,Banuelos,4705,421.89,1984992.45,40.58107,-83.08672
Upper Sandusky,Anton,Lovett,7932,421.89,3346431.48,40.83073,-83.28129
Loveland,Leonor,Croteau,1472,81.73,120306.56,39.2653,-84.26709
Milford,Hilton,Hawks,1579,9.33,14732.07,39.1743,-84.27786
Williamsburg,Jenifer,Mulligan,6542,205.7,1345689.4,39.05451,-84.05397
Cincinnati,Elvira,New,1675,651.21,1090776.75,39.07192,-84.31491
Cincinnati,Cira,Waters,4329,81.73,353809.17,39.19618,-84.38071
Bethel,Leandro,Leal,8884,255.28,2267907.52,38.96378,-84.08484
Cincinnati,Clifford,Torrez,1749,668.27,1168804.23,39.2579,-84.34173
Cincinnati,Brendan,Bock,6368,109.28,695895.04,39.09598,-84.26351
Cincinnati,Shemeka,Chalmers,8215,154.06,1265602.9,39.28133,-84.49696
Cincinnati,Marta,Dumont,9794,9.33,91378.02,39.12821,-84.43095
Amelia,Muoi,Mcdonough,5641,421.89,2379881.49,39.02698,-84.21614
Cincinnati,Mario,Novotny,7324,152.58,1117495.92,39.29132,-84.46669
Cincinnati,Lucius,Martin,8441,152.58,1287927.78,39.10009,-84.51148
Cincinnati,Bridgette,Sierra,9623,651.21,6266593.83,39.21725,-84.54398
Middletown,Criselda,Dortch,3529,152.58,538454.82,39.52743,-84.38197
Middletown,Marge,Silverman,9854,109.28,1076845.12,39.4989,-84.35564
Oxford,Nannie,Champion,320,421.89,135004.8,39.51056,-84.74278
Monroe,Grant,Kiefer,3682,421.89,1553398.98,39.44596,-84.35976
Fairfield,Debbra,Bobo,727,152.58,110925.66,39.33804,-84.56011
Crescent Springs,Neil,Bowman,9271,152.58,1414569.18,39.05476,-84.58073
Bellevue,Alba,Begay,9164,651.21,5967688.44,39.10094,-84.48784
Fort Thomas,Parthenia,Yancey,7285,152.58,1111545.3,39.07551,-84.46246
Burlington,Jimmy,Bettis,2546,109.28,278226.88,39.01966,-84.69036
Florence,Clark,Deal,888,9.33,8285.04,38.98744,-84.64886
Cincinnati,Carlene,Mallory,286,47.45,13570.7,39.16378,-84.47227
Sidney,Armand,Beltran,5744,81.73,469457.12,40.28569,-84.15608
Sidney,Refugio,Cuellar,4299,152.58,655941.42,40.29676,-84.15794
Sidney,Norbert,Wilburn,17,437.2,7432.4,40.28303,-84.15903
Lima,Jada,Santos,8998,205.7,1850888.6,40.74129,-84.1054
Lima,Rick,Arnold,4372,205.7,899320.4,40.74941,-84.14695
Lima,Arden,Willie,1299,9.33,12119.67,40.73071,-84.07292
Lima,Zane,Riddell,1971,47.45,93523.95,40.75634,-84.10863
Lima,Alexia,Churchill,614,9.33,5728.62,40.70565,-84.1497
St. Marys,Marcelene,Khan,8480,651.21,5522260.8,40.54287,-84.3885
Cridersville,Delma,Cummins,8857,437.2,3872280.4,40.65666,-84.13536
Findlay,Maritza,Osburn,2062,668.27,1377972.74,41.05339,-83.61092
Bluffton,Johanna,Murry,444,81.73,36288.12,40.89257,-83.89283
Wapakoneta,Oliver,Troutman,3382,152.58,516025.56,40.58016,-84.20358
Celina,Sima,Pruitt,2288,47.45,108565.6,40.54895,-84.57244
Findlay,Deneen,Shultz,5603,668.27,3744316.81,41.06355,-83.66435
Findlay,Jina,Grice,3802,154.06,585736.12,41.03923,-83.65373
Findlay,Gricelda,Pritchard,4390,81.73,358794.7,41.03705,-83.65035
Dayton,Jaleesa,Jaime,6902,668.27,4612399.54,39.76079,-84.19215
Dayton,Stewart,Bartholomew,7906,255.28,2018243.68,39.76373,-84.16591
Dayton,Marion,Lowman,6001,668.27,4010288.27,39.76289,-84.19452
Dayton,Benny,Warner,6816,47.45,323419.2,39.78293,-84.18886
Dayton,Agustina,Vieira,8013,668.27,5354847.51,39.79952,-84.21842
Dayton,Eusebio,Verdin,4284,205.7,881218.8,39.72397,-84.14932
Dayton,Clinton,Delossantos,2353,152.58,359020.74,39.70106,-84.1235
Dayton,Bridget,Redding,5974,255.28,1525042.72,39.8241,-84.2906
Dayton,Rasheeda,Hulsey,933,205.7,191918.1,39.7666,-84.12353
Dayton,Trevor,Galvan,49,255.28,12508.72,39.70556,-84.17035
Phillipsburg,Elane,Lay,8169,205.7,1680363.3,39.90475,-84.40157
Huber Heights,Sheron,Wooden,7174,205.7,1475691.8,39.84697,-84.11612
West Carrollton,Zenobia,Tejada,975,437.2,426270,39.6717,-84.25261
Dayton,Jeanne,Conti,514,255.28,131213.92,39.79142,-84.09622
Vandalia,Ida,Lugo,8764,81.73,716281.72,39.88963,-84.21269
Dayton,Melvin,Jensen,5731,154.06,882917.86,39.82002,-84.1982
Centerville,Daysi,Baskin,3451,437.2,1508777.2,39.65764,-84.15747
Dayton,John,Latham,990,154.06,152519.4,39.81552,-84.03061
Centerville,Charity,Soriano,9449,81.73,772266.77,39.61488,-84.16024
Englewood,Renay,Healy,6956,255.28,1775727.68,39.86745,-84.29124
Springboro,Fernanda,Denning,3673,9.33,34269.09,39.56119,-84.247
Beavercreek,Alta,Westfall,6792,437.2,2969462.4,39.7224,-84.06528
Fairborn,Norberto,Esparza,5537,9.33,51660.21,39.78325,-83.99934
Xenia,Shad,Pointer,6162,154.06,949317.72,39.68333,-83.93496
Tipp City,Krista,Cromer,6954,81.73,568350.42,39.96162,-84.19393
Eaton,Ara,Carrillo,3231,109.28,353083.68,39.75879,-84.63648
Piqua,Bennett,Lam,2340,47.45,111033,40.14981,-84.23817
Miamisburg,Adaline,Byrnes,8662,421.89,3654411.18,39.63858,-84.26494
Greenville,Morgan,Simons,8607,421.89,3631207.23,40.11595,-84.62221
Troy,Wilson,Aaron,5619,9.33,52425.27,40.04487,-84.21522
Dayton,Natalya,Laporte,5171,668.27,3455624.17,39.75592,-84.21375
Dayton,Ileen,Settles,9767,109.28,1067337.76,39.63091,-84.19601
Beavercreek,Margherita,Fay,3945,437.2,1724754,39.76461,-84.05422
Milford,Arron,Guerrero,9270,255.28,2366445.6,39.19667,-84.2318
Warren,Jaquelyn,Culbertson,9342,152.58,1425402.36,41.26564,-80.78282
Massillon,Mario,Allen,4791,9.33,44700.03,40.79638,-81.52347
Gahanna,Numbers,Brubaker,8278,152.58,1263057.24,40.05873,-82.86346
Westerville,Andrea,Dugas,9495,437.2,4151214,40.14872,-82.92273
Florence,Delbert,Boudreau,166,421.89,70033.74,39.01793,-84.63236
Lewis Center,Lucilla,Healy,9046,154.06,1393626.76,40.1628,-83.01949
Powell,Freeman,Mcmaster,6921,668.27,4625096.67,40.15861,-83.09483
Columbus,Rashad,Schrader,1608,47.45,76299.6,40.10051,-83.07966
Columbus,Laurinda,Dang,2956,255.28,754607.68,39.997,-83.00749
Parma,Alejandro,Scribner,7845,205.7,1613716.5,41.38452,-81.74364
Huntington,Lisandra,Halsey,5185,47.45,246028.25,38.4197,-82.44182
Barboursville,Hiram,Pickering,920,81.73,75191.6,38.41364,-82.30615
Milton,Danyelle,Trout,3023,81.73,247069.79,38.4348,-82.12833
Beckley,Herbert,Irby,6499,152.58,991617.42,37.77558,-81.19171
Beckley,America,Chang,8384,152.58,1279230.72,37.81259,-81.18572
Beaver,Scot,Hoyle,2745,437.2,1200114,37.74905,-81.13496
Oak Hill,Carol,Hardesty,5681,154.06,875214.86,37.97416,-81.14501
Buckhannon,Tera,Aviles,322,109.28,35188.16,38.9941,-80.22954
Charleston,Izola,Lundy,1829,421.89,771636.81,38.3498,-81.63671
South Charleston,Erasmo,Almeida,2394,437.2,1046656.8,38.367,-81.69544
Charleston,Roberto,Deluca,6241,81.73,510076.93,38.3412,-81.64256
Elkview,Darron,Hammer,4626,255.28,1180925.28,38.44131,-81.48471
Charleston,Jann,Tremblay,833,154.06,128331.98,38.29881,-81.60487
Charleston,Lahoma,Lachance,5180,81.73,423361.4,38.35043,-81.63753
Charleston,Janetta,Bowlin,17,421.89,7172.13,38.34012,-81.61594
Clarksburg,Kim,Lorenzo,4723,47.45,224106.35,39.27896,-80.33813
Clarksburg,Annie,Mccracken,708,651.21,461056.68,39.27896,-80.33784
Bridgeport,Man,Leroy,6417,109.28,701249.76,39.29978,-80.27681
Logan,Zackary,Register,2321,9.33,21654.93,37.84285,-81.97699
Chapmanville,Malissa,Morey,5926,668.27,3960168.02,37.94818,-82.05171
Saint Albans,Kayla,Plunkett,6768,255.28,1727735.04,38.3886,-81.82979
Wayne,Kasey,Spruill,1415,152.58,215900.7,38.22371,-82.43259
Huntington,Lyman,Cavanaugh,8465,437.2,3700898,38.37642,-82.45459
Wheeling,Ethyl,Mcclellan,3548,651.21,2310493.08,40.06854,-80.72262
Bellaire,Wilbur,Muncy,4324,154.06,666155.44,40.01427,-80.74451
Shadyside,Edison,Desjardins,5488,205.7,1128881.6,39.9739,-80.74627
Bellaire,Kris,Aguiar,3762,421.89,1587150.18,40.01414,-80.74332
Steubenville,Micah,Murdock,2900,651.21,1888509,40.36238,-80.6138
Steubenville,Latonia,Lockhart,8690,81.73,710233.7,40.36006,-80.6151
Wheeling,Michael,Cupp,3948,668.27,2638329.96,40.07223,-80.68236
Wintersville,Manuel,Grant,3524,9.33,32878.92,40.37141,-80.68704
Scott Depot,Neil,Walters,9296,47.45,441095.2,38.45185,-81.93741
Columbus,Jamie,Basham,5177,255.28,1321584.56,40.06601,-83.02446
Rocky River,Marin,Hale,2108,47.45,100024.6,41.45943,-81.86106
Cleveland,Latrina,Wallin,3064,152.58,467505.12,41.505,-81.69111
Columbus,Gus,Sterling,8048,437.2,3518585.6,40.14446,-82.99116
Columbus,Eugene,Orr,9098,109.28,994229.44,40.0796,-82.97585
Columbus,Dorothea,Welsh,5280,47.45,250536,40.05378,-83.04186
Dayton,Sheree,Diggs,7694,651.21,5010409.74,39.63295,-84.11038
Chicago,Laquita,Irving,4469,9.33,41695.77,41.88187,-87.62948
Chicago,Will,Nunn,5766,437.2,2520895.2,41.90242,-87.6314
Chicago,Cristopher,Sands,8777,47.45,416468.65,41.88686,-87.62694
Oak Brook,Young,Mann,2727,437.2,1192244.4,41.84634,-87.97138
Elmhurst,Omega,Keeney,3870,421.89,1632714.3,41.90178,-87.93988
Niles,Michale,Dozier,492,154.06,75797.52,42.05471,-87.83853
Chicago,Loyd,Loftus,7911,9.33,73809.63,41.84436,-87.7214
Oak Park,Christoper,Williamson,3475,154.06,535358.5,41.89475,-87.78969
Chicago,Jeff,Soliz,1565,437.2,684218,41.78014,-87.68353
Oak Lawn,Dagmar,Gerald,8591,81.73,702142.43,41.70296,-87.74032
Antioch,Randal,Murdock,7995,255.28,2040963.6,42.47727,-88.09744
Northbrook,Rickie,Dale,5252,9.33,49001.16,42.13821,-87.84854
Glenview,Frankie,Dorris,2866,154.06,441535.96,42.07262,-87.80107
Chicago,Tamekia,Noriega,5373,205.7,1105226.1,42.00926,-87.69006
Chicago,Garrett,Corbitt,4341,651.21,2826902.61,41.74931,-87.74003
Chicago,Carleen,Tijerina,3368,47.45,159811.6,41.94268,-87.66867
Orland Park,Meggan,Maxfield,3085,154.06,475275.1,41.61522,-87.85346
Chicago,Teddy,Leblanc,6152,205.7,1265466.4,41.74112,-87.70216
Chicago,Devin,Garvin,2262,109.28,247191.36,41.81445,-87.70373
Worth,Jamison,Crockett,3138,668.27,2097031.26,41.6902,-87.79017
Berwyn,Sarai,Slagle,7535,154.06,1160842.1,41.8507,-87.78754
Chicago,Efren,Lehmann,6240,109.28,681907.2,41.93757,-87.6487
Chicago,Major,Hetrick,7070,9.33,65963.1,41.9217,-87.6646
Bolingbrook,Lavonna,Keys,9873,152.58,1506422.34,41.70976,-88.0728
Mount Prospect,Caridad,Lam,1529,81.73,124965.17,42.06444,-87.9352
Arlington Hts.,Gigi,Cloud,950,154.06,146357,42.05121,-87.98146
Palatine,Torie,Cheung,4077,255.28,1040776.56,42.139,-88.01541
Oak Park,Elinor,Mccloud,8885,651.21,5786000.85,41.88865,-87.80247
Oak Park,Janeen,Mccallister,379,9.33,3536.07,41.87964,-87.79888
Winnetka,Charlsie,Binkley,5593,255.28,1427781.04,42.1059,-87.73346
Winnetka,Sharie,Sandoval,8597,651.21,5598452.37,42.10705,-87.73605
Chicago,Antonio,Garcia,5488,109.28,599728.64,41.96874,-87.6751
Schiller Park,Christina,Henley,9397,81.73,768016.81,41.95413,-87.86025
Lansing,Carmen,Sheets,5484,205.7,1128058.8,41.56471,-87.54133
Naperville,Lyn,Shea,5942,81.73,485639.66,41.7528,-88.11933
Aurora,Merry,Forte,4994,205.7,1027265.8,41.75821,-88.20751
Downers Grove,Siobhan,Barkley,3896,152.58,594451.68,41.80861,-88.01473
Batavia,Khadijah,Medlin,5933,668.27,3964845.91,41.85194,-88.31221
Batavia,Siu,Wyatt,1423,668.27,950948.21,41.84985,-88.34034
Bloomingdale,Salvatore,Shell,2715,81.73,221896.95,41.9535,-88.10883
Bloomingdale,Carrie,Canady,9188,437.2,4016993.6,41.95807,-88.08513
Wheaton,Clyde,Reilly,2254,205.7,463647.8,41.86611,-88.10631
Wheaton,Aurelio,Hofmann,355,255.28,90624.4,41.86621,-88.1028
Carol Stream,Danyell,Deyoung,3964,651.21,2581396.44,41.89198,-88.10545
Warrenville,Noelia,Mcneil,587,152.58,89564.46,41.8313,-88.19943
Wheaton,Hugo,Nickerson,9759,421.89,4117224.51,41.83945,-88.10177
St. Charles,Meggan,Mount,8048,152.58,1227963.84,41.9225,-88.28533
St. Charles,Rubi,Segura,4053,47.45,192314.85,41.90406,-88.34008
Elgin,Teodora,Cortez,3404,205.7,700202.8,42.02597,-88.33898
Chicago,Gary,Stidham,3761,437.2,1644309.2,41.77396,-87.58639
Chicago,Jonathan,Boothe,9817,9.33,91592.61,41.89283,-87.62411
Chicago,Perry,Graf,8296,9.33,77401.68,41.89843,-87.62395
Hinsdale,Velva,Murry,2952,255.28,753586.56,41.81739,-87.92061
Woodridge,Donte,Nix,9572,437.2,4184878.4,41.75106,-88.01255
Chicago,Kelley,Whelan,972,81.73,79441.56,41.98994,-87.73268
River Grove,Normand,Creighton,2003,668.27,1338544.81,41.93692,-87.83586
Romeoville,Ulysses,Nagle,4543,255.28,1159737.04,41.6532,-88.08312
Crystal Lake,Lenny,Gilmer,2504,47.45,118814.8,42.22563,-88.31182
Chicago,Carol,Bui,6828,255.28,1743051.84,41.9872,-87.77815
Barrington,Verona,Kellogg,488,9.33,4553.04,42.16154,-88.13796
Elgin,Linwood,Carbajal,3490,437.2,1525828,42.03726,-88.28477
Skokie,Toni,Muniz,7870,81.73,643215.1,42.04084,-87.73269
Skokie,Noelia,Bernhardt,2695,668.27,1800987.65,42.02645,-87.75454
Arlington Hts.,Antony,Fuqua,9064,651.21,5902567.44,42.11184,-87.97903
Elgin,Darci,Thurman,5106,109.28,557983.68,42.04652,-88.25159
Hoffman Estates,Tracie,Soriano,983,9.33,9171.39,42.04647,-88.143
Elgin,Neville,Aguilera,3887,47.45,184438.15,42.03404,-88.31806
Evanston,Denny,Mcvay,3042,9.33,28381.86,42.04676,-87.68143
Evanston,Krystal,Erwin,4703,47.45,223157.35,42.05297,-87.70977
Glenview,Johnie,Kowalski,7155,154.06,1102299.3,42.10638,-87.84889
Highland Park,Sterling,Silvers,5717,47.45,271271.65,42.1861,-87.79839
Highland Park,Seth,Goldstein,7736,255.28,1974846.08,42.18759,-87.79793
Gurnee,Adele,Henson,7593,255.28,1938341.04,42.38572,-87.96013
Lake Zurich,Rochell,Fusco,1699,152.58,259233.42,42.20147,-88.04728
Lemont,Carlo,Whittaker,3496,47.45,165885.2,41.65948,-87.99999
Mount Prospect,Alexis,Fallon,8458,47.45,401332.1,42.0879,-87.93418
Mount Prospect,Henrietta,Meza,9089,437.2,3973710.8,42.04364,-87.94082
Streamwood,Clark,Sparrow,9927,437.2,4340084.4,42.01281,-88.17963
Schaumburg,Kelsey,Lucas,2537,255.28,647645.36,42.05163,-88.04882
Northfield,Ofelia,Wooden,520,9.33,4851.6,42.10233,-87.77094
Winfield,Gaston,Mcgehee,4504,81.73,368111.92,41.87105,-88.15791
Schaumburg,Melvin,Pena,7151,421.89,3016935.39,42.04033,-88.04558
Elk Grove Village,Jessie,Hamilton,8153,81.73,666344.69,42.02827,-87.98615
Park Ridge,Mallie,Ohara,9234,205.7,1899433.8,42.01148,-87.82995
Joliet,Tanner,Desimone,9149,421.89,3859871.61,41.52653,-88.08014
Joliet,Valentin,Mccaskill,8684,255.28,2216851.52,41.522,-88.1433
Park Forest,Booker,Rankin,5656,109.28,618087.68,41.48598,-87.67877
Plainfield,Earl,Foy,9914,109.28,1083401.92,41.60771,-88.20363
Shorewood,Keneth,Alston,8338,437.2,3645373.6,41.5215,-88.20871
Crest Hill,Lillie,Matlock,9839,152.58,1501234.62,41.55319,-88.12322
Mokena,Ashton,Spring,359,109.28,39231.52,41.53106,-87.88775
New Lenox,Oma,Horsley,7872,651.21,5126325.12,41.5176,-87.98002
Deerfield,Concetta,Mickens,7383,152.58,1126498.14,42.16675,-87.84567
Marengo,Cary,Mcmullen,5928,651.21,3860372.88,42.24816,-88.60732
Woodstock,Bradley,Neuman,7574,109.28,827686.72,42.31529,-88.44714
Algonquin,Maryam,Vandiver,8421,154.06,1297339.26,42.16117,-88.27583
Cary,Emmett,Shaver,1597,668.27,1067227.19,42.21168,-88.24576
Lake Zurich,Roslyn,Leahy,2264,109.28,247409.92,42.17606,-88.07498
Homer Glen,Melita,Huntley,2614,437.2,1142840.8,41.63044,-87.93117
Lake Forest,Isobel,Bruner,6872,109.28,750972.16,42.25011,-87.83933
Arlington Heights,Verena,Jung,6291,152.58,959880.78,42.05782,-87.98835
Chicago,Tommy,Falls,4159,9.33,38803.47,41.86601,-87.63928
Bensenville,Renetta,Warner,791,255.28,201926.48,41.93161,-87.93619
Bensenville,Alvaro,Butterfield,8538,152.58,1302728.04,41.95731,-87.94192
Libertyville,Evonne,Paredes,6779,81.73,554047.67,42.26315,-87.94915
Libertyville,Corrine,Westbrook,6925,47.45,328591.25,42.28775,-87.95598
Melrose Park,Xiomara,Belt,7418,421.89,3129580.02,41.90302,-87.86312
Elk Grove Village,Cordell,Meeks,8732,109.28,954232.96,42.00174,-88.00581
Naperville,Deirdre,Partin,8373,9.33,78120.09,0,0
Bartlett,Gonzalo,Hodgson,5875,437.2,2568550,0,0
Evanston,Glinda,Guest,7807,255.28,1992970.96,42.04551,-87.684
Evanston,Guadalupe,Shepard,2767,152.58,422188.86,42.06427,-87.69883
Elgin,Joe,Winn,6385,47.45,302968.25,42.0594,-88.31545
LA Grange,Ilda,Gagne,6322,437.2,2763978.4,41.81551,-87.86973
LA Grange,Marcos,Haugen,7271,668.27,4858991.17,41.81504,-87.87352
Willowbrook,Winnifred,Crook,5954,9.33,55550.82,41.76227,-87.94115
Wilmette,Raymond,Pridgen,6128,152.58,935010.24,42.07675,-87.70769
Chicago,Latrice,Wetzel,3578,255.28,913391.84,41.72248,-87.57763
Glenview,Walton,Settles,1122,668.27,749798.94,42.07979,-87.81818
Baton Rouge,Chauncey,Sparks,3607,437.2,1576980.4,30.44935,-91.18648
Monroe,Gavin,Oneal,2915,9.33,27196.95,32.50868,-92.11893
Monroe,Ira,Tomlin,2956,205.7,608049.2,32.52672,-92.11554
Monroe,Tyree,Delgadillo,4672,9.33,43589.76,32.498,-92.11383
Monroe,Leopoldo,Darden,1038,47.45,49253.1,32.5333,-92.07936
West Monroe,Abraham,Dunaway,2058,154.06,317055.48,32.51608,-92.15735
Monroe,September,Jordan,9767,421.89,4120599.63,32.52993,-92.03305
Shreveport,Tobias,Booth,3235,668.27,2161853.45,32.49553,-93.7461
Shreveport,Sherilyn,Aleman,3559,81.73,290877.07,32.47334,-93.80017
Shreveport,Francis,Luckett,8869,154.06,1366358.14,32.48007,-93.72211
Shreveport,Glynis,Paul,9326,81.73,762213.98,32.44206,-93.75187
Shreveport,Lashandra,Callaway,2123,205.7,436701.1,32.53568,-93.76682
Shreveport,Johnie,Marks,6483,421.89,2735112.87,32.40701,-93.79974
Shreveport,Jon,Wilson,8661,421.89,3653989.29,32.4465,-93.72014
Shreveport,Herlinda,Worden,6943,651.21,4521351.03,32.44209,-93.85708
Haughton,Cliff,Omalley,6647,152.58,1014199.26,32.55628,-93.5677
Bossier City,Chris,Farrow,5122,47.45,243038.9,32.52816,-93.70179
Shreveport,Jed,Ligon,6746,255.28,1722118.88,32.51358,-93.74879
Baker,Bennett,Nixon,7932,154.06,1222003.92,30.59236,-91.16726
Baton Rouge,Korey,Painter,2122,255.28,541704.16,30.3784,-91.13896
Baton Rouge,Paulita,Sweeney,4789,152.58,730705.62,30.45916,-91.05749
Baton Rouge,Lucio,Barber,8438,205.7,1735696.6,30.50215,-91.13115
Baton Rouge,Jeremy,Vernon,7605,421.89,3208473.45,30.41993,-91.15039
Zachary,Luz,Sams,3858,152.58,588653.64,30.64713,-91.15063
Baton Rouge,Dallas,Copley,796,109.28,86986.88,30.52066,-91.14575
Baton Rouge,Sung,Muncy,9048,255.28,2309773.44,30.41924,-91.08881
Baton Rouge,Launa,Mayer,1275,205.7,262267.5,30.44265,-91.0951
Baton Rouge,Virgilio,Hatch,7170,421.89,3024951.3,30.42063,-91.05165
Baton Rouge,Ryan,Cleary,8456,668.27,5650891.12,30.39665,-91.0177
Baton Rouge,Elvia,Albrecht,3888,47.45,184485.6,30.36987,-91.07348
Greenwell Springs,Reed,Duncan,4253,651.21,2769596.13,30.51314,-91.03006
Baton Rouge,Nigel,Usher,7368,651.21,4798115.28,30.45079,-91.00799
Houma,Quyen,Lau,3081,47.45,146193.45,29.5984,-90.7179
Larose,Gerardo,Upton,8273,255.28,2111931.44,29.5722,-90.3816
Lockport,Arlette,Broyles,1854,81.73,151527.42,29.63952,-90.53854
Houma,Andrew,Stahl,9766,81.73,798175.18,29.6474,-90.68992
Galliano,Deon,Brackett,9985,668.27,6672675.95,29.44104,-90.30058
Des Allemands,Wilton,Alicea,7513,81.73,614037.49,29.82333,-90.47825
Raceland,Grayce,Grayson,9388,255.28,2396568.64,29.72893,-90.59765
Chauvin,Kirby,Christian,9677,154.06,1490838.62,29.44466,-90.5941
Houma,Rosalyn,Marks,4478,437.2,1957781.6,29.58838,-90.70307
Houma,Freddy,Matos,6922,152.58,1056158.76,29.6329,-90.75747
Houma,Breann,Smart,2169,668.27,1449477.63,29.58109,-90.7478
Houma,Eli,Jackson,2412,47.45,114449.4,29.58259,-90.65954
Thibodaux,Almeta,Damron,1875,81.73,153243.75,29.77427,-90.81663
Houma,Dane,Meeks,1811,255.28,462312.08,29.59781,-90.71758
Lake Charles,Katelyn,Matthews,5509,47.45,261402.05,30.22743,-93.19986
Westlake,Fairy,Boyce,3284,651.21,2138573.64,30.24768,-93.25616
Lake Charles,Latoya,Dunning,7486,9.33,69844.38,30.19831,-93.20417
Lake Charles,Tomas,Weston,7495,9.33,69928.35,30.18344,-93.24942
Moss Bluff,Bridget,Vo,4721,255.28,1205176.88,30.30066,-93.20494
Carencro,Jonathon,Seitz,7606,437.2,3325343.2,30.30589,-92.0494
Lafayette,Corazon,Helms,6626,9.33,61820.58,30.23061,-92.03141
Lafayette,Daren,Labonte,9284,152.58,1416552.72,30.20639,-92.01227
Scott,Willia,Vidal,5116,205.7,1052361.2,30.23366,-92.09144
Lafayette,Kiana,Wyatt,691,651.21,449986.11,30.25449,-92.00522
Lafayette,Dwight,Gist,4606,47.45,218554.7,30.18844,-92.01393
Lafayette,Lesa,Lea,2491,47.45,118197.95,30.18217,-92.07036
Lafayette,Franklin,Rutter,2008,154.06,309352.48,30.19874,-92.06935
Lafayette,Hilario,Mattos,7850,9.33,73240.5,30.16512,-91.98704
Lafayette,Lyndon,Cummins,6738,651.21,4387852.98,30.17378,-92.02887
New Iberia,Kristal,Rousseau,2430,152.58,370769.4,29.98726,-91.83803
New Iberia,Merri,Foy,710,205.7,146047,,
New Orleans,Sean,Dumont,4396,47.45,208590.2,29.95222,-90.06985
New Orleans,Darren,Doolittle,8337,47.45,395590.65,29.97679,-90.07778
Ruston,Hugh,Sheldon,4412,668.27,2948407.24,32.53246,-92.63897
Ruston,Gearldine,Hooper,6533,651.21,4254354.93,32.49773,-92.64439
Shreveport,Emily,Stiltner,5642,109.28,616557.76,32.45659,-93.70951
Bossier City,Alesha,Storey,4712,109.28,514927.36,32.52251,-93.69724
Bossier City,Magan,Baez,3750,668.27,2506012.5,32.47068,-93.6704
Metairie,Ara,Sargent,4790,668.27,3201013.3,30.00165,-90.13825
Lake Charles,Marvel,Bunn,6900,152.58,1052802,30.19049,-93.21848
Hammond,Leopoldo,Lorenzo,1179,255.28,300975.12,30.50302,-90.49259
Baton Rouge,Kacey,Ojeda,5756,437.2,2516523.2,30.38477,-91.04244
New Orleans,Janell,Mcalister,793,205.7,163120.1,29.91933,-90.01129
New Orleans,Julianne,Stratton,3483,421.89,1469442.87,29.95438,-90.06792
New Orleans,Refugia,Greathouse,3048,255.28,778093.44,29.9552,-90.121
New Orleans,Ming,Steffen,5744,154.06,884920.64,29.93397,-90.08057
New Orleans,Quintin,Gerard,9856,109.28,1077063.68,30.00516,-90.03719
New Orleans,Marquis,Yoon,703,152.58,107263.74,30.00483,-90.1072
New Orleans,Dominick,Isaacson,5632,47.45,267238.4,29.92637,-90.09248
New Orleans,Kendra,Hamlin,9024,9.33,84193.92,29.92452,-90.10791
Mandeville,Thaddeus,Addison,7290,47.45,345910.5,30.37721,-90.09203
Slidell,Robbie,Petrie,3872,9.33,36125.76,30.28493,-89.77629
Harahan,Mitchel,Mcfarland,4244,255.28,1083408.32,29.95769,-90.18303
Destrehan,Lashell,Kersey,911,154.06,140348.66,29.9842,-90.35102
Covington,Asha,Looney,8409,47.45,399007.05,30.46597,-90.08428
Harvey,Chester,Calkins,8304,109.28,907461.12,29.87948,-90.05105
Metairie,Pasty,Mansfield,4197,651.21,2733128.37,30.00434,-90.16791
Laplace,Marlyn,Nunley,6716,668.27,4488101.32,30.06691,-90.48082
Slidell,Lewis,Haines,8524,152.58,1300591.92,30.28523,-89.74155
Kenner,Lang,Christmas,9311,668.27,6222261.97,30.02061,-90.23913
Gretna,Refugio,Grissom,802,651.21,522270.42,29.90248,-90.04978
Metairie,Ryan,Finch,1752,421.89,739151.28,30.00594,-90.22787
Metairie,Leota,Richards,2948,255.28,752565.44,30.0121,-90.15921
Metairie,Saran,Osteen,2205,9.33,20572.65,29.98732,-90.13916
Harahan,Bebe,Archibald,9373,9.33,87450.09,29.93584,-90.20066
New Orleans,Alfonso,Barba,1332,205.7,273992.4,29.92465,-90.1089
Slidell,Noble,Salcedo,6993,81.73,571537.89,30.25659,-89.78852
Mandeville,Jonah,Broussard,2298,668.27,1535684.46,30.38788,-90.08035
Slidell,Mohammad,Reardon,5222,205.7,1074165.4,30.2846,-89.76069
Covington,Palmer,Nobles,768,81.73,62768.64,30.47526,-90.09678
Chalmette,Kraig,Lindley,5973,109.28,652729.44,29.95141,-89.97354
Lafayette,Cathryn,Durham,4904,437.2,2144028.8,30.22414,-92.01885
Lafayette,Marvin,Comer,3661,437.2,1600589.2,30.15849,-92.05091
Lafayette,Joel,Mckenzie,5372,9.33,50120.76,30.20762,-92.03799
Opelousas,Rosalinda,Buffington,5199,109.28,568146.72,30.53556,-92.08252
Port Barre,Daryl,Stoll,5335,152.58,814014.3,30.54742,-91.9111
Sunset,Mitsue,Cornelius,2,668.27,1336.54,30.41036,-92.0609
Opelousas,Susan,Couch,457,651.21,297602.97,30.51634,-92.08293
Abbeville,Milton,Seale,9984,152.58,1523358.72,29.97327,-92.13124
New Iberia,Jana,Sizemore,8902,205.7,1831141.4,29.99853,-91.82265
Lafayette,Harry,Hong,9559,47.45,453574.55,30.2057,-92.04123
Lake Charles,Elisha,Guzman,1335,205.7,274609.5,30.23624,-93.2209
Lake Charles,Keith,Boynton,5641,9.33,52630.53,30.25043,-93.18062
Dequincy,Lakeshia,Singletary,920,205.7,189244,30.45089,-93.43538
Deridder,Charlette,Osgood,7644,255.28,1951360.32,30.8456,-93.28646
Sulphur,Everette,Gaddy,3320,81.73,271343.6,30.23115,-93.35946
Lake Charles,Jefferson,Epstein,7482,205.7,1539047.4,30.15822,-93.15504
Monroe,Tod,Binkley,6699,47.45,317867.55,32.5198,-92.1091
West Monroe,Page,Blaylock,9569,437.2,4183566.8,32.51857,-92.14658
Monroe,Randy,Orth,1723,437.2,753295.6,32.48681,-92.08355
Monroe,Andre,Redd,820,668.27,547981.4,32.53516,-92.1076
Alexandria,Al,Mears,1554,255.28,396705.12,31.31084,-92.44543
Alexandria,Gil,Rayford,647,109.28,70704.16,31.27934,-92.45738
Pineville,Javier,Whitt,1856,255.28,473799.68,31.38309,-92.43412
Pineville,Laquanda,Call,966,9.33,9012.78,31.33299,-92.39913
Ball,Dexter,Banda,795,651.21,517711.95,31.40708,-92.41158
Alexandria,Theresa,Folk,6191,152.58,944622.78,31.28377,-92.4769
Baton Rouge,Tiffiny,Navarro,9034,9.33,84287.22,30.44409,-91.15786
Baton Rouge,Katerine,Martell,3235,47.45,153500.75,30.41825,-91.17833
Baton Rouge,Lashanda,Muller,9736,651.21,6340180.56,30.45161,-91.11329
Baton Rouge,Ocie,Briscoe,1512,109.28,165231.36,30.43562,-91.0575
Baton Rouge,Emory,Pulido,8567,9.33,79930.11,30.47436,-91.08367
Baton Rouge,Emmanuel,Poulin,2937,205.7,604140.9,30.38722,-91.0936
Baton Rouge,Karla,Bottoms,3690,437.2,1613268,30.39562,-91.11067
Baton Rouge,Jesica,Colburn,1924,81.73,157248.52,30.4207,-91.14066
Baton Rouge,Lorretta,Wilkes,5769,437.2,2522206.8,30.40207,-91.10628
Baton Rouge,Dirk,Cruse,5386,109.28,588582.08,30.40833,-91.0157
Irving,Eddy,Flanders,7968,255.28,2034071.04,32.88596,-96.96399
Dallas,Shonda,Kohl,2738,668.27,1829723.26,32.79464,-96.82324
Dallas,Randall,Kenney,5951,9.33,55522.83,32.92545,-96.81606
Dallas,Adelaide,Quarles,5894,9.33,54991.02,32.86141,-96.8042
Dallas,Jack,Cardona,7883,437.2,3446447.6,32.86009,-96.80853
Irving,Randy,Puente,9268,437.2,4051969.6,32.84508,-96.99221
Irving,Roger,Whitson,4427,668.27,2958431.29,32.84514,-96.99228
Garland,Arturo,Wolff,9773,109.28,1067993.44,32.85858,-96.64552
Garland,Phillip,Loveless,8748,668.27,5846025.96,32.91194,-96.64815
Garland,Muoi,Hoffmann,6825,9.33,63677.25,32.96323,-96.64519
Abilene,Raleigh,Creel,6510,668.27,4350437.7,32.45211,-99.76507
Austin,Adalberto,Duff,2337,81.73,191003.01,30.26858,-97.74466
Austin,Emanuel,Havens,5875,47.45,278768.75,30.28236,-97.74211
Austin,Nu,Hollingsworth,723,9.33,6745.59,30.39426,-97.75163
Austin,Lyla,Purcell,7510,651.21,4890587.1,30.30758,-97.68755
Brenham,Armand,Hernandez,8897,152.58,1357504.26,30.16907,-96.39669
Corsicana,Craig,Weis,4577,205.7,941488.9,32.09367,-96.46356
Arlington,Fredric,Avila,6274,154.06,966572.44,32.72277,-97.14911
Euless,Janet,Fellows,2742,9.33,25582.86,32.8298,-97.09773
Arlington,Tonette,Donohue,4767,152.58,727348.86,32.72166,-97.14909
Arlington,Andra,Dayton,167,154.06,25728.02,32.72328,-97.14547
Mansfield,Nilsa,Arriola,8790,109.28,960571.2,32.58003,-97.13235
Fort Worth,Wilber,Yang,7517,9.33,70133.61,32.74822,-97.2894
Fort Worth,Albert,Cheek,5258,668.27,3513763.66,32.74741,-97.29078
Houston,Kaila,Donaldson,7955,47.45,377464.75,29.75575,-95.36292
Houston,Daron,Henson,3584,668.27,2395079.68,29.73375,-95.42983
Houston,Rhona,Murry,7147,109.28,781024.16,29.75006,-95.47377
Houston,Rodney,Fabian,5683,668.27,3797778.41,29.73705,-95.5416
Houston,Buck,Robert,3257,205.7,669964.9,29.6744,-95.26612
Houston,Aubrey,Pulliam,5968,154.06,919430.08,29.64218,-95.24161
Houston,Stephan,Seals,6947,47.45,329635.15,29.87913,-95.64911
Houston,Fabian,Canty,1354,255.28,345649.12,29.9796,-95.34602
Houston,Luisa,Coon,1382,255.28,352796.96,29.9459,-95.4045
Houston,Deane,Collins,1255,47.45,59549.75,29.80282,-95.48334
Houston,Darrell,Varela,2227,47.45,105671.15,29.77025,-95.60016
Houston,Andrew,Tovar,7585,47.45,359908.25,29.65832,-95.47677
Houston,Spring,Bishop,7645,47.45,362755.25,29.70581,-95.644
Pasadena,Gisele,Carman,4757,668.27,3178960.39,29.69084,-95.19853
Pasadena,Yong,Bear,8301,205.7,1707515.7,29.68912,-95.19729
Marshall,Art,Pullen,9687,668.27,6473531.49,32.54594,-94.36729
Odessa,Romeo,Mendez,7358,205.7,1513540.6,31.89134,-102.34377
Odessa,Jerrold,Mcgregor,1788,47.45,84840.6,31.89134,-102.34377
Beaumont,Alida,Scanlon,481,81.73,39312.13,30.07768,-94.1713
Round Rock,Amos,Starling,2973,154.06,458020.38,30.51813,-97.68744
San Antonio,Philip,Morey,5833,668.27,3898018.91,29.42453,-98.49157
San Antonio,Alvin,Ryan,7658,668.27,5117611.66,29.54588,-98.55493
San Antonio,Piper,Naranjo,4079,81.73,333376.67,29.3566,-98.52755
Sherman,Azalee,Minton,2756,9.33,25713.48,33.63763,-96.6097
The Woodlands,Clarence,Healy,8383,47.45,397773.35,30.15757,-95.45573
Wichita Falls,Elizabeth,Zink,7681,154.06,1183334.86,33.9113,-98.49335
Wichita Falls,Svetlana,Corley,4408,154.06,679096.48,33.86628,-98.53582
Dallas,Tyree,Lu,4348,668.27,2905637.96,32.8195,-96.81433
Dallas,Jamison,Talbert,319,255.28,81434.32,32.7439,-96.68282
Dallas,Hollie,Buie,7170,255.28,1830357.6,32.89512,-96.804
Dallas,Louie,Combs,6781,205.7,1394851.7,32.71106,-96.83927
Fort Worth,Troy,Wicker,3062,668.27,2046242.74,32.72672,-97.42009
Dallas,Bo,Haines,6956,9.33,64899.48,32.96222,-96.78897
Austin,Fredda,Alford,1437,47.45,68185.65,30.43496,-97.77193
Austin,Isabella,Yost,6509,255.28,1661617.52,30.20884,-97.81448
Dallas,Neida,Woodley,4209,81.73,344001.57,32.72162,-96.83189
Carrollton,Johnson,Sills,3605,109.28,393954.4,32.97551,-96.89225
Plano,Maud,Dejesus,5794,154.06,892623.64,33.01938,-96.73222
Richardson,Russell,Willis,8906,651.21,5799676.26,32.94549,-96.69746
Dallas,Fred,Sledge,3104,81.73,253689.92,32.90892,-96.85595
Bedford,Wayne,Grace,5578,109.28,609563.84,32.8519,-97.13168
Dallas,Tommy,Tuck,5553,421.89,2342755.17,32.83644,-96.75454
Fort Worth,Russell,Farr,9284,651.21,6045833.64,32.66735,-97.41821
Dallas,Vern,Mena,5057,47.45,239954.65,32.87728,-96.71783
Arlington,Diego,Austin,8189,81.73,669286.97,32.76041,-97.11538
Fort Worth,Marcus,Sabo,6028,81.73,492668.44,32.62753,-97.32057
Dallas,Ilana,Plummer,2956,9.33,27579.48,32.76896,-96.83581
San Antonio,Kelley,Griswold,5382,109.28,588144.96,29.56812,-98.38514
San Antonio,Chet,Hussey,6749,154.06,1039750.94,29.45442,-98.55128
San Antonio,Cornelius,Gilmore,2531,109.28,276587.68,29.41784,-98.655
San Antonio,Brendan,Todd,5233,9.33,48823.89,29.46628,-98.60258
Waco,Janine,Napier,9391,651.21,6115513.11,31.52508,-97.17107
Commerce,Orval,Shores,6572,9.33,61316.76,33.2498,-95.90045
Port Arthur,Libby,Romano,374,154.06,57618.44,29.91551,-93.87754
San Antonio,Luke,Walston,1429,651.21,930579.09,29.47161,-98.49934
Richland Hills,Olin,Dye,2396,255.28,611650.88,32.82091,-97.23173
Baytown,Lakeshia,Schubert,2969,81.73,242656.37,29.73917,-94.9543
Houston,Melodie,Francis,4870,421.89,2054604.3,29.57834,-95.12145
Houston,Pat,Quintero,6856,437.2,2997443.2,29.73554,-95.30635
Arlington,Royce,Serna,9711,109.28,1061218.08,32.70843,-97.08686
Dallas,Eusebia,Skidmore,1253,81.73,102407.69,32.83649,-96.77029
New Caney,Laurence,Eaton,1332,421.89,561957.48,30.15489,-95.21373
Houston,Etta,Davidson,6826,668.27,4561611.02,29.96374,-95.54328
Dallas,Hector,Broome,6647,255.28,1696846.16,32.76991,-96.7675
Denton,Kyoko,Fredrickson,6737,154.06,1037902.22,33.20675,-97.15068
Arlington,Michel,Dugan,5071,651.21,3302285.91,32.65966,-97.13507
Fort Worth,Brent,Sweet,6652,205.7,1368316.4,32.75408,-97.33294
Dallas,Meredith,Mcmullin,8517,152.58,1299523.86,32.94033,-96.82175
Houston,Rayford,Hedgepeth,4734,9.33,44168.22,29.81226,-95.42538
Houston,Ray,Jensen,1400,668.27,935578,29.82937,-95.42951
Rowlett,Novella,Strain,1647,668.27,1100640.69,32.90265,-96.57013
Lewisville,Lavonna,Webb,634,421.89,267478.26,33.04228,-97.0241
Plano,Margot,Hutcherson,555,154.06,85503.3,33.02685,-96.77054
Fort Worth,Lucio,Stoddard,5633,154.06,867819.98,32.75307,-97.43049
Fort Worth,Jarod,Schuster,7122,668.27,4759418.94,32.75301,-97.36309
Fort Worth,Loreta,Wallace,8310,9.33,77532.3,32.67987,-97.4145
Amarillo,Kristina,Bingham,9513,255.28,2428478.64,35.20764,-101.83833
Austin,Nathaniel,Nava,3080,668.27,2058271.6,30.35282,-97.73286
Austin,Abby,Chong,8392,9.33,78297.36,30.27452,-97.80068
Dallas,Reginald,Walling,6858,9.33,63985.14,32.91202,-96.73531
Dallas,Lashaun,Barry,6921,154.06,1066249.26,32.82044,-96.84762
Denison,Ollie,Newsome,9056,255.28,2311815.68,33.75543,-96.53737
Duncanville,Jeanice,Phelan,767,668.27,512563.09,32.64942,-96.90844
Farmers Branch,Francisco,Ezell,1589,109.28,173645.92,32.9222,-96.90277
Fredericksburg,Vaughn,Boyer,8092,81.73,661359.16,30.27449,-98.87144
Grand Prairie,Noemi,Hightower,8872,154.06,1366820.32,32.79319,-97.05653
Houston,Antony,Crowley,9560,437.2,4179632,29.6864,-95.50869
Houston,Manuel,Rosser,7818,255.28,1995779.04,29.79277,-95.5448
Levelland,Jae,Rasmussen,8336,205.7,1714715.2,33.58529,-102.37669
Longview,Jonas,Manley,7840,255.28,2001395.2,32.54112,-94.74604
Midland,Britt,Goldman,85,152.58,12969.3,31.99245,-102.09809
Richardson,Lianne,Warner,855,9.33,7977.15,32.97532,-96.71259
Sugar Land,Bret,Grenier,2969,152.58,453010.02,29.59658,-95.61698
Tyler,Alverta,Furr,1274,9.33,11886.42,32.29882,-95.2994
Denison,Laurena,Klein,7652,205.7,1574016.4,33.75633,-96.53864
Amarillo,Nola,Spinks,6014,81.73,491524.22,35.20609,-101.83945
Austin,Kermit,Gallo,7300,9.33,68109,30.46397,-97.7946
Austin,Les,Langford,4486,9.33,41854.38,30.46023,-97.79423
Amarillo,Jay,Abernathy,7576,255.28,1934001.28,35.1902,-101.90052
Denton,Lennie,Donohue,8607,154.06,1325994.42,33.22944,-97.14598
Dallas,Maisie,Levin,6644,421.89,2803037.16,32.74323,-96.83235
Desoto,Coleman,Gary,2789,154.06,429673.34,32.60451,-96.84057
Mesquite,Kristopher,Redmond,5169,152.58,788686.02,32.81086,-96.61576
Abilene,Billy,Noe,3946,668.27,2636993.42,32.39471,-99.76365
Beaumont,Veola,Bobbitt,6313,109.28,689884.64,30.12574,-94.15647
Beaumont,Kandi,Carrillo,1494,421.89,630303.66,30.05738,-94.09371
Plano,Augustine,Thorn,5742,109.28,627485.76,33.02737,-96.79619
Midland,Dino,Legg,7345,152.58,1120700.1,32.03226,-102.12565
Denton,Dan,Alonso,1619,437.2,707826.8,33.19169,-97.10464
Bellmead,Dion,Spaulding,5914,437.2,2585600.8,31.59944,-97.10817
Coppell,Barrett,Reese,4609,205.7,948071.3,32.9453,-96.99345
Austin,Morgan,Schreiber,4115,255.28,1050477.2,30.26179,-97.71892
Fort Worth,Brenton,Otoole,7875,437.2,3442950,32.72044,-97.22609
Houston,Edmund,Gamez,1362,651.21,886948.02,29.8521,-95.25099
Arlington,Maxwell,Arriaga,7081,47.45,335993.45,32.67889,-97.19696
Greenville,Salvatore,Covey,9569,651.21,6231428.49,33.11043,-96.10958
Houston,Archie,Grove,393,109.28,42947.04,29.74057,-95.46387
Watauga,Leif,Seymour,3151,81.73,257531.23,32.86044,-97.23971
Nederland,Sydney,Henson,8473,668.27,5662251.71,29.959,-93.98241
Austin,Aleisha,Billups,9020,154.06,1389621.2,30.36836,-97.69404
Grand Prairie,Newton,Spivey,4485,154.06,690959.1,32.74783,-96.99432
Houston,Herman,Atkinson,6592,152.58,1005807.36,29.7061,-95.44196
Friendswood,Lamar,Cortez,4095,154.06,630875.7,29.46571,-95.22631
Cypress,Bong,Driver,7780,47.45,369161,29.98989,-95.6567
Allen,Alejandrina,Martens,5465,255.28,1395105.2,33.10085,-96.70113
Orange,Donetta,Dayton,6999,154.06,1078265.94,30.1192,-93.7476
Baton Rouge,Evelyn,Yeager,9260,9.33,86395.8,30.35499,-91.10987
Venice,Ricardo,Damon,1162,421.89,490236.18,27.09988,-82.41907
Sarasota,Hobert,Weiss,8645,255.28,2206895.6,27.33823,-82.53093
Palm Beach Gardens,Quiana,Troy,9683,651.21,6305666.43,26.84649,-80.08767
Naples,Edythe,Helm,9282,668.27,6202882.14,26.2495,-81.80089
Fort Myers,Michael,Lindquist,4477,205.7,920918.9,26.55072,-81.88495
Austin,Khadijah,Billings,9336,421.89,3938765.04,30.41278,-97.68945
Phoenix,Cody,Lundgren,9958,9.33,92908.14,33.45091,-112.07382
Buckeye,Mahalia,Spencer,9472,668.27,6329853.44,33.37048,-112.58601
Carefree,Jeffrey,Griffiths,3039,205.7,625122.3,33.82381,-111.92367
Glendale,Jasper,Mcclellan,2853,152.58,435310.74,33.53922,-112.18237
Grand Canyon,Chandra,Braden,3136,255.28,800558.08,36.05444,-112.12058
Lake Havasu City,Renata,Best,5143,81.73,420337.39,34.47598,-114.33041
Glendale,Will,Hutchings,2161,668.27,1444131.47,33.50956,-112.18342
Scottsdale,Maragret,Otoole,4506,437.2,1970023.2,33.46568,-111.92225
Mesa,Guillermo,Jasso,4529,47.45,214901.05,33.41655,-111.83995
Payson,Erminia,Ahern,1607,668.27,1073909.89,34.23896,-111.32291
Phoenix,Willette,Holcombe,7153,255.28,1826017.84,33.5108,-112.04752
Phoenix,Orpha,Harley,9610,109.28,1050180.8,33.49483,-112.12867
Phoenix,Lindsey,Tennant,9449,9.33,88159.17,33.43687,-112.04877
Phoenix,Lenard,Whaley,4178,255.28,1066559.84,33.48987,-112.07395
Phoenix,Fritz,Wilbur,3330,651.21,2168529.3,33.539,-112.06508
Phoenix,Herbert,Mcmahon,3475,109.28,379748,33.52529,-112.09969
Phoenix,Gudrun,Sylvester,3210,437.2,1403412,33.45126,-112.09912
Phoenix,Shanika,Zielinski,8166,47.45,387476.7,33.50942,-111.9862
Phoenix,Duane,Kidd,6004,255.28,1532701.12,33.48248,-112.0302
Phoenix,Jae,Olsen,1415,651.21,921462.15,33.48094,-112.08303
Prescott,Mignon,Gatlin,1124,47.45,53333.8,34.54192,-112.47189
Safford,Yon,Dickson,8886,81.73,726252.78,32.83321,-109.7103
San Luis,Antony,Weller,486,255.28,124066.08,32.48887,-114.78232
Scottsdale,Greg,Renfro,8743,47.45,414855.35,33.5814,-111.92611
Scottsdale,Fredric,Creamer,8504,109.28,929317.12,33.49447,-111.92613
Show Low,Aline,Galbraith,1649,9.33,15385.17,34.25285,-110.02869
Tucson,Ollie,Fuentes,2091,668.27,1397352.57,32.19971,-110.96846
Tempe,Ernestina,Stjohn,770,421.89,324855.3,33.42079,-111.94004
Tucson,Margy,Truitt,661,152.58,100855.38,32.22189,-110.97098
Tucson,Emilio,Dillon,1769,205.7,363883.3,32.20705,-110.86113
Tucson,Ludivina,Burkholder,6129,9.33,57183.57,32.25158,-110.94395
Tucson,Frank,Jamison,2809,651.21,1829248.89,32.22166,-110.92757
Tucson,Graham,Dent,2908,651.21,1893718.68,32.23389,-110.95676
Tucson,Luther,Roybal,4556,154.06,701897.36,32.23627,-110.89184
Green Valley,Leroy,Lumpkin,7914,47.45,375519.3,31.87039,-110.99337
Willcox,Anika,Jamison,173,152.58,26396.34,32.25121,-109.83265
Yuma,Georgia,Robertson,559,109.28,61087.52,32.69861,-114.62129
Phoenix,Raymon,Walston,5325,9.33,49682.25,33.64265,-112.03092
Flagstaff,Quinn,Roderick,2758,152.58,420815.64,35.18175,-111.66123
Peoria,Jarod,Lankford,8175,255.28,2086914,33.58046,-112.26986
Phoenix,Elijah,Wilde,8924,47.45,423443.8,33.50965,-112.02467
Tucson,Tomi,Nation,9387,205.7,1930905.9,32.31612,-110.97634
Flagstaff,Dalene,Booth,5973,154.06,920200.38,35.19979,-111.64932
Tempe,Sung,Zimmerman,2126,437.2,929487.2,33.40737,-111.94562
Wickenburg,Shoshana,Malcolm,3318,154.06,511171.08,33.96578,-112.74598
Tucson,Darin,Armstead,2055,47.45,97509.75,32.17782,-110.98061
Tempe,Irvin,Keeling,2873,668.27,1919939.71,33.39301,-111.91036
Sun City,Eladia,Guest,7339,421.89,3096250.71,33.60495,-112.2818
Bullhead City,Adriana,Osburn,9052,255.28,2310794.56,35.11677,-114.59894
Phoenix,Viki,Carrera,8641,255.28,2205874.48,33.38887,-112.07331
Phoenix,Garret,Rincon,8769,47.45,416089.05,33.49027,-112.11701
Prescott,Sheldon,Connor,9127,9.33,85154.91,34.55512,-112.48163
Mesa,Domingo,West,1438,154.06,221538.28,33.45191,-111.70963
Tempe,Peggy,Garrison,4459,668.27,2979815.93,33.38017,-111.92832
Fountain Hills,Tyler,Merritt,8974,154.06,1382534.44,33.60457,-111.71881
Phoenix,Antonette,Michael,2802,81.73,229007.46,33.5516,-112.09965
Glendale,Collette,Carbajal,5790,651.21,3770505.9,33.56972,-112.15168
Tucson,Reed,Cobbs,4820,255.28,1230449.6,32.27878,-110.97825
Mesa,Tonya,Trevino,8801,437.2,3847797.2,33.39318,-111.84098
Yuma,Guillermo,Stacey,3677,109.28,401822.56,32.69939,-114.65053
Sun City,Wanetta,Pedersen,7420,81.73,606436.6,33.63821,-112.27751
Cottonwood,Katherina,Palmer,5037,154.06,776000.22,34.72873,-112.01017
Nogales,Bulah,Jarrell,3562,668.27,2380377.74,31.36699,-110.93569
Scottsdale,Leo,Meadows,7064,205.7,1453064.8,33.54473,-111.90515
Phoenix,Tamesha,Hendon,1640,47.45,77818,33.58202,-112.12271
Sedona,Kathie,Huff,422,152.58,64388.76,34.86269,-111.78369
Tempe,Dinorah,Gaytan,8569,47.45,406599.05,33.39277,-111.97548
Tucson,Rolland,Bishop,8275,81.73,676315.75,32.28639,-110.94314
Mesa,Shannon,Bannister,3763,109.28,411220.64,33.41566,-111.68093
Tucson,Cheryle,Proctor,6288,109.28,687152.64,32.221,-110.80637
Tucson,Shizuko,Norris,9136,154.06,1407492.16,32.25072,-110.84144
Apache Junction,Nakita,Gragg,2624,81.73,214459.52,33.41533,-111.55878
Phoenix,Sherell,Irving,9102,9.33,84921.66,33.48052,-112.18344
Casa Grande,Tonisha,Akins,7948,9.33,74154.84,32.87955,-111.73523
Phoenix,David,Fiore,574,255.28,146530.72,33.64001,-112.09682
Chandler,Mark,Laporte,5423,154.06,835467.38,33.30611,-111.86129
Sierra Vista,Juliette,Back,2968,668.27,1983425.36,31.55454,-110.25807
Tucson,Marlon,Salter,713,81.73,58273.49,32.3512,-110.97493
Phoenix,Catrina,Smith,8196,437.2,3583291.2,33.59592,-112.01317
Phoenix,Karoline,Outlaw,1984,205.7,408108.8,33.34894,-111.98094
Sun City West,Quentin,Lash,674,437.2,294672.8,33.65662,-112.35136
Tucson,Lupe,Hunter,9898,47.45,469660.1,32.30829,-110.89349
Parker,Roberto,Felder,7315,205.7,1504695.5,34.15302,-114.28265
Green Valley,Shawn,Wallen,7619,47.45,361521.55,31.8515,-110.99649
Phoenix,Marylou,Chastain,7533,255.28,1923024.24,33.55361,-112.13425
Tucson,Armando,Vanhorn,813,421.89,342996.57,32.19167,-110.7894
Mesa,Ronna,Burden,3243,47.45,153880.35,33.37853,-111.87275
Glendale,Mark,Ervin,7642,205.7,1571959.4,33.63966,-112.1349
Scottsdale,Roxie,Frye,8858,651.21,5768418.18,33.69862,-111.89199
Tucson,Jeanne,Cooper,8771,81.73,716853.83,32.33699,-111.04701
Phoenix,Hosea,Courtney,1293,47.45,61352.85,33.59818,-111.98075
Lakeside,Rene,Nielsen,7364,47.45,349421.8,34.14315,-109.95612
Gilbert,Elicia,Pitcher,9961,81.73,814112.53,33.36498,-111.78993
Phoenix,Katerine,Zook,9086,651.21,5916894.06,33.61081,-112.1507
Kingman,Jeffrey,Hand,6776,154.06,1043910.56,35.23176,-114.03699
Mohave Valley,Willis,Mccleary,2099,421.89,885547.11,34.86597,-114.59782
Prescott Valley,Royal,Armstead,6153,109.28,672399.84,34.60922,-112.3132
Sedona,Rupert,Steinberg,7069,437.2,3090566.8,34.77799,-111.76307
Chino Valley,Miriam,Kurtz,5006,154.06,771224.36,34.81794,-112.39584
Tucson,Noelia,Cortez,7159,437.2,3129914.8,32.13386,-111.02968
Scottsdale,Freda,Pope,2749,437.2,1201862.8,33.52691,-111.92568
Mesa,Serita,Archie,8033,255.28,2050664.24,33.4154,-111.73698
Tucson,Leon,Bundy,1296,205.7,266587.2,32.25068,-111.01299
Mesa,Waldo,Centeno,7855,255.28,2005224.4,33.45176,-111.78691
Chandler,Edwardo,Sauer,5060,47.45,240097,33.33469,-111.85914
Phoenix,Salvador,Enriquez,7290,9.33,68015.7,33.64022,-112.06501
Scottsdale,Dan,Sisk,956,47.45,45362.2,33.58241,-111.88626
Peoria,Patricia,Alfonso,9501,154.06,1463724.06,33.63801,-112.2241
Camp Verde,Santiago,Piazza,8399,154.06,1293949.94,34.56576,-111.86139
Glendale,Geraldo,Orozco,153,255.28,39057.84,33.58159,-112.20134
Tucson,Dallas,Foy,9301,255.28,2374359.28,32.44084,-110.93403
Phoenix,Sheridan,Ma,7410,651.21,4825466.1,33.30534,-111.99665
Scottsdale,Sueann,Pauley,8078,668.27,5398285.06,33.64062,-111.97421
Mesa,Tenisha,Cruz,1935,81.73,158147.55,33.38321,-111.68566
Lake Havasu City,Isaias,Wood,1643,81.73,134282.39,34.50294,-114.34798
Tucson,Marguerite,Carrasco,6893,154.06,1061935.58,32.20693,-110.9042
Oro Valley,Samuel,Ngo,9410,255.28,2402184.8,32.39948,-110.95618
Phoenix,Antonette,Maldonado,7948,437.2,3474865.6,33.31555,-112.00523
Phoenix,Marita,Lind,3293,152.58,502445.94,33.61067,-112.06552
Glendale,Stuart,Caraballo,3264,651.21,2125549.44,33.6107,-112.18371
Tucson,Santos,Mota,7707,109.28,842220.96,32.25063,-110.90911
Tucson,Gail,Spurgeon,3504,255.28,894501.12,32.23547,-110.82564
Tucson,Kayce,Graham,9565,255.28,2441753.2,32.20632,-110.79156
Glendale,Kimi,Ruffin,1834,109.28,200419.52,33.52393,-112.15309
Tucson,Tommye,Groce,8282,47.45,392980.9,32.19188,-110.84351
Chandler,Bryant,Searcy,3916,9.33,36536.28,33.32063,-111.87482
Peoria,Dannielle,Abel,5772,154.06,889234.32,33.59589,-112.21887
Phoenix,Shandra,Coley,7916,109.28,865060.48,33.48045,-112.01657
Glendale,Cole,Whitehurst,6448,152.58,983835.84,33.52387,-112.20422
Gilbert,Kristi,Fanning,4497,9.33,41957.01,33.33529,-111.80829
Phoenix,Wilton,Morrison,7224,255.28,1844142.72,33.45091,-112.07379
Scottsdale,Roxann,Hamer,6823,421.89,2878555.47,33.61002,-111.89234
Tucson,Alfonso,Stonge,7516,109.28,821348.48,32.2214,-110.8583
Scottsdale,Alan,Gold,558,205.7,114780.6,33.64064,-111.97628
Phoenix,Joycelyn,Barrientos,9236,437.2,4037979.2,33.47925,-111.98693
Tucson,Glady,Baumgardner,3867,9.33,36079.11,32.16329,-110.94183
Mesa,Trinidad,Major,6800,152.58,1037544,33.37884,-111.84345
Gilbert,Alden,Nesmith,7413,255.28,1892390.64,33.33697,-111.75575
Goodyear,Ariel,Mauldin,7120,437.2,3112864,,
Glendale,Loreta,Southard,4361,437.2,1906629.2,33.66983,-112.18682
Surprise,Tom,Dingle,9611,154.06,1480670.66,33.6549,-112.40448
Scottsdale,Azucena,Yount,374,9.33,3489.42,33.58879,-111.83681
Flagstaff,Jona,Root,6187,437.2,2704956.4,35.22549,-111.58151
Murray,Jenice,Magnuson,3617,81.73,295617.41,40.63501,-111.88914
Salt Lake City,Clarita,Selby,1263,651.21,822478.23,40.74082,-111.93886
Salt Lake City,Mafalda,Henry,4754,205.7,977897.8,40.69993,-111.81109
Salt Lake City,Kevin,Mcginnis,1752,651.21,1140919.92,40.63706,-111.83426
Salt Lake City,Al,Whitfield,6948,81.73,567860.04,40.69661,-111.98807
Salt Lake City,Anthony,Beane,7067,154.06,1088742.02,40.65029,-111.86593
Salt Lake City,Edmund,Barnard,5864,668.27,3918735.28,40.70518,-111.85265
Salt Lake City,Bernice,Dodds,9125,205.7,1877012.5,40.69822,-111.93895
Salt Lake City,Jason,Cooke,9666,421.89,4077988.74,40.76495,-111.89093
Salt Lake City,Olevia,Pederson,2337,154.06,360038.22,40.68709,-111.85459
West Jordan,Michiko,Pyle,9018,437.2,3942669.6,40.58593,-111.93864
Salt Lake City,Dusty,Dabney,3620,651.21,2357380.2,40.74178,-111.8307
Sandy,Katelyn,Woody,7084,421.89,2988668.76,40.59524,-111.85322
Salt Lake City,Aurelio,Caban,2385,81.73,194926.05,40.66794,-111.95799
Midvale,Derek,Burleson,9528,47.45,452103.6,40.62329,-111.86236
Salt Lake City,Sheena,Folsom,548,81.73,44788.04,40.71402,-111.88833
Spanish Fork,Noma,Moreland,4514,109.28,493289.92,40.12316,-111.65466
Bountiful,Karrie,Jernigan,2523,9.33,23539.59,40.88413,-111.88571
Ogden,Margaret,Richmond,2706,205.7,556624.2,41.21206,-111.97059
Sandy,Ike,Schmid,5224,47.45,247878.8,40.55833,-111.89084
Park City,Buddy,Hendrickson,7269,81.73,594095.37,40.65707,-111.50675
Provo,Rickie,Lawson,8064,109.28,881233.92,40.2181,-111.65887
Chandler,Ira,Winslow,3865,47.45,183394.25,33.26181,-111.85917
Highland Village,Garth,Switzer,2958,81.73,241757.34,33.07283,-97.06245
Detroit,Barrett,Osborn,661,437.2,288989.2,42.33072,-83.04635
Belleville,Arturo,Bottoms,4321,205.7,888829.7,42.20885,-83.49158
Bloomfield Hills,Merle,Hester,8318,81.73,679830.14,42.54393,-83.32032
Clinton Township,Ellis,Villalobos,9065,109.28,990623.2,42.56965,-82.91046
Dearborn Heights,Jeana,Wampler,2,109.28,218.56,42.32703,-83.26276
Dearborn Heights,Jackeline,Gilman,6605,81.73,539826.65,42.34127,-83.2826
Detroit,Wynell,Barksdale,1377,154.06,212140.62,42.40178,-83.22104
Detroit,Luann,Hooks,8855,668.27,5917530.85,42.32845,-83.06471
Detroit,Verlie,Logan,606,421.89,255665.34,42.44568,-83.08334
Detroit,Jayson,Reich,229,421.89,96612.81,42.31025,-83.09489
Detroit,Werner,Knox,8354,154.06,1287017.24,42.40102,-83.21973
Detroit,Young,Martino,7642,421.89,3224083.38,42.44431,-83.21408
Detroit,Johnson,Tirado,7785,81.73,636268.05,42.37512,-83.01712
Detroit,Beulah,Purvis,506,47.45,24009.7,42.34894,-83.04216
Detroit,Perry,Toliver,4562,47.45,216466.9,42.34189,-83.01407
Detroit,Amada,Jackson,737,81.73,60235.01,42.34337,-83.21538
Detroit,Israel,Hoppe,6850,651.21,4460788.5,42.36943,-83.0752
Detroit,Glenn,Scribner,2749,437.2,1201862.8,42.44734,-83.02471
Detroit,Drucilla,Keefer,5313,437.2,2322843.6,42.3112,-83.12764
Detroit,Raphael,Crowell,3455,205.7,710693.5,42.43034,-83.20138
Detroit,Emanuel,Neville,3116,255.28,795452.48,42.39197,-83.08781
Detroit,Joseph,Caskey,2269,421.89,957268.41,42.35786,-83.06495
Farmington,Magdalene,Foster,5921,651.21,3855814.41,42.46267,-83.37634
Farmington Hills,Wilma,Shaw,1106,9.33,10318.98,42.49873,-83.37581
Farmington Hills,Granville,Pak,1893,668.27,1265035.11,42.48556,-83.33842
Garden City,Alverta,Bevins,4380,255.28,1118126.4,42.32584,-83.32022
Grosse Pointe,Silas,Lanier,1697,109.28,185448.16,42.38471,-82.90592
Grosse Pointe,Alia,Adcock,9005,437.2,3936986,42.39134,-82.91632
Grosse Pointe Farms,Malik,Cruz,8496,81.73,694378.08,42.41674,-82.90957
Harper Woods,Melania,Rose,4394,47.45,208495.3,42.44638,-82.91818
Huntington Woods,Emil,Parris,7954,81.73,650080.42,42.48568,-83.15547
Huntington Woods,Morton,Townsend,2462,9.33,22970.46,42.48098,-83.18289
Inkster,Elanor,Seay,8235,255.28,2102230.8,42.29424,-83.31056
Lathrup Village,Johnny,Paris,7623,81.73,623027.79,42.488,-83.2222
Livonia,Darren,Stanford,4,47.45,189.8,42.36954,-83.31866
Livonia,Ethelyn,Simpkins,6791,421.89,2865054.99,42.36843,-83.36119
Sterling Heights,Jarrett,Eddy,6424,437.2,2808572.8,42.56522,-83.05069
Novi,Ethan,Chappell,9379,437.2,4100498.8,42.48002,-83.47205
Orchard Lake,Laurine,Garza,3160,437.2,1381552,42.57793,-83.36237
Westland,Amira,Guinn,7303,154.06,1125100.18,42.31083,-83.34823
Westland,Reiko,Hale,8376,9.33,78148.08,42.34493,-83.38531
Plymouth,Aretha,Webber,4977,152.58,759390.66,42.35869,-83.47169
Redford,Bryon,Hillman,2735,651.21,1781059.35,42.36477,-83.27523
Redford,Kory,Burnette,9313,47.45,441901.85,42.41323,-83.31526
Rochester,Keven,Henke,9402,421.89,3966609.78,42.68052,-83.13378
Shelby Township,Dottie,Polanco,9726,152.58,1483993.08,42.68317,-83.06726
Southfield,Randy,Hopkins,4041,47.45,191745.45,42.49886,-83.30413
Sterling Heights,Issac,Gaddis,8131,651.21,5294988.51,42.58724,-83.03038
Utica,Nathaniel,Blackmon,4815,205.7,990445.5,42.62848,-83.0325
Warren,Etta,Schuler,8942,154.06,1377604.52,42.51239,-83.02859
Wayne,Sherlyn,Lindgren,2390,47.45,113405.5,42.28232,-83.3843
Plymouth,Garry,Moen,9072,205.7,1866110.4,42.37385,-83.48043
Sterling Heights,Toby,Lima,9929,9.33,92637.57,42.53877,-82.98915
Sterling Heights,Anna,Lyles,7935,668.27,5302722.45,42.62543,-82.98681
Rochester Hills,Lucius,Oliva,3095,81.73,252954.35,42.68172,-83.15212
Romulus,Leslie,Osorio,7446,205.7,1531642.2,42.22895,-83.32738
Shelby Township,Clifton,Lowry,54,9.33,503.82,42.64695,-83.05355
Northville,Twila,Breen,2018,255.28,515155.04,42.43551,-83.52602
Northville,Carita,Mckinley,1469,9.33,13705.77,42.42415,-83.47068
Rochester,Kacy,Blackburn,8566,109.28,936092.48,42.64264,-83.13141
Clinton Township,Eugenio,Braswell,504,154.06,77646.24,42.61341,-82.95297
Clinton Township,Anabel,Hazel,6505,421.89,2744394.45,42.57215,-82.87154
Canton,Elana,Good,2823,255.28,720655.44,42.32199,-83.48624
Belleville,Enedina,Lima,7746,437.2,3386551.2,42.21776,-83.5434
Detroit,Roger,Benoit,6591,81.73,538682.43,42.38746,-83.12934
Bloomfield Hills,Maryjane,Grayson,6706,651.21,4367014.26,42.58127,-83.28228
Detroit,Corrine,Lockhart,2471,205.7,508284.7,42.32987,-83.04119
Brownstown Township,Bryce,Hirsch,298,668.27,199144.46,42.15596,-83.22668
West Bloomfield,Torri,Ralph,3628,154.06,558929.68,42.5367,-83.36054
Troy,Suanne,Wyant,7936,255.28,2025902.08,42.53488,-83.10689
Rochester Hills,Rich,Lucas,5725,109.28,625628,42.68192,-83.19408
Troy,Michale,Truitt,1533,651.21,998304.93,42.59201,-83.12769
Dearborn,Letisha,Cordell,6927,109.28,756982.56,42.30291,-83.24263
Dearborn,Donnetta,Warden,5505,421.89,2322504.45,42.32924,-83.18956
Auburn Hills,Demarcus,Thompson,7898,9.33,73688.34,42.63369,-83.21972
Waterford,Frankie,Buckner,6765,81.73,552903.45,42.6879,-83.38278
Highland,Voncile,Pickens,1801,205.7,370465.7,42.65381,-83.57496
Bloomfield Hills,Jenette,Goode,4728,255.28,1206963.84,42.60623,-83.29612
Pontiac,Dee,Bergstrom,4301,109.28,470013.28,42.67231,-83.30052
Auburn Hills,Idalia,Marr,1307,421.89,551410.23,42.67776,-83.24595
Waterford,Hiram,Sisk,3562,81.73,291122.26,42.65938,-83.42612
Waterford,Efren,Renteria,916,152.58,139763.28,42.63782,-83.34968
Commerce Township,Fransisca,Storm,248,421.89,104628.72,42.59443,-83.44606
Clarkston,Sherri,Cochrane,469,154.06,72254.14,42.71918,-83.37901
Oxford,Angel,Lo,7523,154.06,1158993.38,42.8111,-83.25251
Walled Lake,Celena,Eaton,9382,437.2,4101810.4,42.55063,-83.45911
Clarkston,Buck,Worsham,1051,668.27,702351.77,42.71817,-83.41578
Wyandotte,Rusty,Ponce,9566,9.33,89250.78,42.201,-83.15033
Dearborn Heights,Kiesha,Groce,8996,668.27,6011756.92,42.26932,-83.26042
Wyandotte,My,Herzog,5438,9.33,50736.54,42.21457,-83.18068
Taylor,Alita,Gomez,2022,421.89,853061.58,42.21294,-83.23717
Port Huron,Josefa,Rhodes,3910,81.73,319564.3,42.98044,-82.42204
Port Huron,Margert,Hargis,3293,152.58,502445.94,43.00421,-82.44002
Port Huron,Garret,Lavigne,4396,154.06,677247.76,42.97113,-82.45255
Marysville,Mackenzie,Galloway,8474,9.33,79062.42,42.91492,-82.48801
Kimball,Karisa,Hyde,8812,651.21,5738462.52,42.98195,-82.50338
Marysville,Yuriko,Cottle,5728,255.28,1462243.84,42.90379,-82.47987
Fort Gratiot,Dannie,Handley,1571,81.73,128397.83,43.03985,-82.45671
Port Huron,Mariah,Galloway,5720,205.7,1176604,43.00314,-82.44045
